Numéro;Nom;PV-base;Force-base;Défense-base;Spécial-base;Vitesse-base;Exp base;EV-PV;EV-Force;EV-defense;EV-special;EV-vitesse;Type 1;Type 2;Niveau de base;Niv mutation;Espece mutation;Nombre de Capacités;Capacité i;Niveau Capacité i;Capacité i+1;Niveau Capacité i+1;;;;;;;;;;;;;;;;;;;;;;;;;;;;;;;;;;;;;;;;;;;;;;;;;;;;;;;;;;;;;;;;;;;;;;;;;;;;;;;;;;;;;;;;;;;;;;;;;;;;;;;;;;;;;;;;;;;;;;;;;;;;;;;;;;;;;;;;;;;;;;;;;;;;;;;;
1;Bulbizarre;45;49;49;65;45;64;0;0;0;1;0;Plante;Poison;1;16;Herbizarre;15;ok;Coupe-Vent;0;ok;Coupe;0;ok;Étreinte;0;ok;Fouet Lianes;13;ok;Charge;1;ok;Plaquage;0;ok;Bélier;0;ok;Damoclès;0;ok;Force;0;ok;Méga-Sangsue;0;ok;Lance-Soleil;48;ok;Danse Fleurs;0;ok;Frénésie;0;ok;Patience;0;ok;Détritus;0;stop;;;;;;;;;;;;;;;;;;;;;;;;;;;;;;;;;;;;;;;;;;;;;;;;;;;;;;;;;;;;;;;;;;;;;;;;;;;;;;;;;;;;;;;;;;;;;;;;;;;;;;;;;;;;;;
2;Herbizarre;60;62;63;80;60;141;0;0;0;2;0;Plante;Poison;16;32;Florizarre;12;ok;Coupe;0;ok;Étreinte;0;ok;Fouet Lianes;13;ok;Charge;1;ok;Plaquage;0;ok;Bélier;0;ok;Damoclès;0;ok;Force;0;ok;Méga-Sangsue;0;ok;Lance-Soleil;54;ok;Frénésie;0;ok;Patience;0;stop;;;;;;;;;;;;;;;;;;;;;;;;;;;;;;;;;;;;;;;;;;;;;;;;;;;;;;;;;;;;;;;;;;;;;;;;;;;;;;;;;;;;;;;;;;;;;;;;;;;;;;;;;;;;;;;;;;;;;;;
3;Florizarre;80;82;83;100;80;208;0;0;0;3;0;Plante;Poison;32;0;;15;ok;Coupe;0;ok;Étreinte;0;ok;Fouet Lianes;1;ok;Charge;1;ok;Plaquage;0;ok;Bélier;0;ok;Damoclès;0;ok;Ultralaser;0;ok;Force;0;ok;Méga-Sangsue;0;ok;Lance-Soleil;65;ok;Danse Fleurs;32;ok;Séisme;0;ok;Frénésie;0;ok;Patience;0;stop;;;;;;;;;;;;;;;;;;;;;;;;;;;;;;;;;;;;;;;;;;;;;;;;;;;;;;;;;;;;;;;;;;;;;;;;;;;;;;;;;;;;;;;;;;;;;;;;;;;;;;;;;;;;;;
4;Salamèche;39;52;43;50;65;65;0;0;0;0;1;Feu;;1;16;Reptincel;27;ok;Ultimapoing;0;ok;Poing Feu;0;ok;Poing Éclair;0;ok;Griffe;1;ok;Coupe;0;ok;Cru-Ailes;0;ok;Ultimawashi;0;ok;Plaquage;0;ok;Bélier;0;ok;Damoclès;0;ok;Morsure;0;ok;Flammèche;9;ok;Lance-Flammes;38;ok;Sacrifice;0;ok;Riposte;0;ok;Frappe Atlas;0;ok;Force;0;ok;Draco-Rage;0;ok;Danse Flammes;46;ok;Tunnel;0;ok;Frénésie;22;ok;Patience;0;ok;Déflagration;0;ok;Météores;0;ok;Combo-Griffe;18;ok;Éboulement;0;ok;Tranche;30;stop;;;;;;;;;;;;;;;;;;;;;;;;;;;;;;;;;;;;;;;;;;;;;;;;;;;;;;;;;;;;;;;;;;;;;;;;;;
5;Reptincel;58;64;58;65;80;142;0;0;0;1;1;Feu;;16;32;Dracaufeu;25;ok;Ultimapoing;0;ok;Poing Feu;0;ok;Poing Éclair;0;ok;Griffe;1;ok;Coupe;0;ok;Ultimawashi;0;ok;Plaquage;0;ok;Bélier;0;ok;Damoclès;0;ok;Flammèche;1;ok;Lance-Flammes;42;ok;Sacrifice;0;ok;Riposte;0;ok;Frappe Atlas;0;ok;Force;0;ok;Draco-Rage;0;ok;Danse Flammes;56;ok;Tunnel;0;ok;Frénésie;24;ok;Patience;0;ok;Déflagration;0;ok;Météores;0;ok;Combo-Griffe;20;ok;Éboulement;0;ok;Tranche;33;stop;;;;;;;;;;;;;;;;;;;;;;;;;;;;;;;;;;;;;;;;;;;;;;;;;;;;;;;;;;;;;;;;;;;;;;;;;;;;;;;;
6;Dracaufeu;78;84;78;85;100;209;0;0;0;3;0;Feu;Vol;32;0;;31;ok;Ultimapoing;0;ok;Poing Feu;0;ok;Poing Éclair;0;ok;Griffe;1;ok;Coupe;0;ok;Cru-Ailes;36;ok;Vol;0;ok;Ultimawashi;0;ok;Plaquage;0;ok;Bélier;0;ok;Damoclès;0;ok;Flammèche;1;ok;Lance-Flammes;46;ok;Ultralaser;0;ok;Sacrifice;0;ok;Riposte;0;ok;Frappe Atlas;0;ok;Force;0;ok;Lance-Soleil;0;ok;Draco-Rage;0;ok;Danse Flammes;55;ok;Séisme;0;ok;Abîme;0;ok;Tunnel;0;ok;Frénésie;24;ok;Patience;0;ok;Déflagration;0;ok;Météores;0;ok;Combo-Griffe;20;ok;Éboulement;0;ok;Tranche;36;stop;;;;;;;;;;;;;;;;;;;;;;;;;;;;;;;;;;;;;;;;;;;;;;;;;;;;;;;;;;;;;;
7;Carapuce;44;48;65;50;43;66;0;0;1;0;0;Eau;;1;16;Carabaffe;24;ok;Ultimapoing;0;ok;Poing Glace;0;ok;Ultimawashi;0;ok;Charge;1;ok;Plaquage;0;ok;Bélier;0;ok;Damoclès;0;ok;Morsure;22;ok;Pistolet à O;15;ok;Hydrocanon;42;ok;Surf;0;ok;Laser Glace;0;ok;Blizzard;0;ok;Sacrifice;0;ok;Riposte;0;ok;Frappe Atlas;0;ok;Force;0;ok;Tunnel;0;ok;Choc Mental;0;ok;Frénésie;0;ok;Patience;0;ok;Cascade;0;ok;Écume;8;ok;Éboulement;0;stop;;;;;;;;;;;;;;;;;;;;;;;;;;;;;;;;;;;;;;;;;;;;;;;;;;;;;;;;;;;;;;;;;;;;;;;;;;;;;;;;;;;
8;Carabaffe;59;63;80;65;58;143;0;0;1;1;0;Eau;;16;36;Tortank;23;ok;Ultimapoing;0;ok;Poing Glace;0;ok;Ultimawashi;0;ok;Charge;1;ok;Plaquage;0;ok;Bélier;0;ok;Damoclès;0;ok;Morsure;24;ok;Pistolet à O;15;ok;Hydrocanon;47;ok;Surf;0;ok;Laser Glace;0;ok;Blizzard;0;ok;Sacrifice;0;ok;Riposte;0;ok;Frappe Atlas;0;ok;Force;0;ok;Tunnel;0;ok;Frénésie;0;ok;Patience;0;ok;Cascade;0;ok;Écume;1;ok;Éboulement;0;stop;;;;;;;;;;;;;;;;;;;;;;;;;;;;;;;;;;;;;;;;;;;;;;;;;;;;;;;;;;;;;;;;;;;;;;;;;;;;;;;;;;;;;;
9;Tortank;79;83;100;85;78;210;0;0;0;3;0;Eau;;36;0;;26;ok;Ultimapoing;0;ok;Poing Glace;0;ok;Ultimawashi;0;ok;Charge;1;ok;Plaquage;0;ok;Bélier;0;ok;Damoclès;0;ok;Morsure;24;ok;Pistolet à O;1;ok;Hydrocanon;52;ok;Surf;0;ok;Laser Glace;0;ok;Blizzard;0;ok;Ultralaser;0;ok;Sacrifice;0;ok;Riposte;0;ok;Frappe Atlas;0;ok;Force;0;ok;Séisme;0;ok;Abîme;0;ok;Tunnel;0;ok;Frénésie;0;ok;Patience;0;ok;Cascade;0;ok;Écume;1;ok;Éboulement;0;stop;;;;;;;;;;;;;;;;;;;;;;;;;;;;;;;;;;;;;;;;;;;;;;;;;;;;;;;;;;;;;;;;;;;;;;;;;;;;;
10;Chenipan;45;30;35;20;45;53;1;0;0;0;0;Insecte;;1;7;Chrysacier;1;ok;Charge;1;stop;;;;;;;;;;;;;;;;;;;;;;;;;;;;;;;;;;;;;;;;;;;;;;;;;;;;;;;;;;;;;;;;;;;;;;;;;;;;;;;;;;;;;;;;;;;;;;;;;;;;;;;;;;;;;;;;;;;;;;;;;;;;;;;;;;;;;;;;;;;;;;;;;;;;;;;;
11;Chrysacier;50;20;55;25;30;72;0;0;2;0;0;Insecte;;7;10;Papilusion;0;stop;;;;;;;;;;;;;;;;;;;;;;;;;;;;;;;;;;;;;;;;;;;;;;;;;;;;;;;;;;;;;;;;;;;;;;;;;;;;;;;;;;;;;;;;;;;;;;;;;;;;;;;;;;;;;;;;;;;;;;;;;;;;;;;;;;;;;;;;;;;;;;;;;;;;;;;;;;;
12;Papilusion;60;45;50;80;70;160;0;0;0;3;0;Insecte;Vol;10;0;;16;ok;Coupe-Vent;0;ok;Tornade;28;ok;Charge;1;ok;Bélier;0;ok;Damoclès;0;ok;Rafale Psy;32;ok;Ultralaser;0;ok;Méga-Sangsue;0;ok;Lance-Soleil;0;ok;Choc Mental;1;ok;Psyko;0;ok;Frénésie;0;ok;Patience;0;ok;Météores;0;ok;Dévorêve;0;ok;Vague Psy;0;stop;;;;;;;;;;;;;;;;;;;;;;;;;;;;;;;;;;;;;;;;;;;;;;;;;;;;;;;;;;;;;;;;;;;;;;;;;;;;;;;;;;;;;;;;;;;;;;;;;;;;;;;;;;;
13;Aspicot;40;35;30;20;50;52;0;0;0;0;1;Insecte;Poison;1;7;Coconfort;1;ok;Dard-Venin;1;stop;;;;;;;;;;;;;;;;;;;;;;;;;;;;;;;;;;;;;;;;;;;;;;;;;;;;;;;;;;;;;;;;;;;;;;;;;;;;;;;;;;;;;;;;;;;;;;;;;;;;;;;;;;;;;;;;;;;;;;;;;;;;;;;;;;;;;;;;;;;;;;;;;;;;;;;;
14;Coconfort;45;25;50;25;35;71;0;0;2;0;0;Insecte;Poison;7;10;Dardargnan;0;stop;;;;;;;;;;;;;;;;;;;;;;;;;;;;;;;;;;;;;;;;;;;;;;;;;;;;;;;;;;;;;;;;;;;;;;;;;;;;;;;;;;;;;;;;;;;;;;;;;;;;;;;;;;;;;;;;;;;;;;;;;;;;;;;;;;;;;;;;;;;;;;;;;;;;;;;;;;;
15;Dardargnan;65;80;40;45;75;159;0;2;0;1;0;Insecte;Poison;10;0;;13;ok;Coupe;0;ok;Furie;1;ok;Bélier;0;ok;Damoclès;0;ok;Double Dard;20;ok;Dard-Nuée;30;ok;Ultralaser;0;ok;Picpic;1;ok;Méga-Sangsue;0;ok;Lance-Soleil;0;ok;Frénésie;25;ok;Patience;0;ok;Météores;0;stop;;;;;;;;;;;;;;;;;;;;;;;;;;;;;;;;;;;;;;;;;;;;;;;;;;;;;;;;;;;;;;;;;;;;;;;;;;;;;;;;;;;;;;;;;;;;;;;;;;;;;;;;;;;;;;;;;;;;
16;Roucool;40;45;40;35;56;55;0;0;0;0;1;Normal;Vol;1;18;Roucoups;12;ok;Coupe-Vent;0;ok;Tornade;1;ok;Cru-Ailes;28;ok;Vol;0;ok;Charge;1;ok;Bélier;0;ok;Damoclès;0;ok;Vive-Attaque;12;ok;Frénésie;0;ok;Patience;0;ok;Météores;0;ok;Piqué;0;stop;;;;;;;;;;;;;;;;;;;;;;;;;;;;;;;;;;;;;;;;;;;;;;;;;;;;;;;;;;;;;;;;;;;;;;;;;;;;;;;;;;;;;;;;;;;;;;;;;;;;;;;;;;;;;;;;;;;;;;;
17;Roucoups;63;60;55;50;71;113;0;0;0;0;2;Normal;Vol;18;36;Roucarnage;12;ok;Coupe-Vent;0;ok;Tornade;1;ok;Cru-Ailes;31;ok;Vol;0;ok;Charge;1;ok;Bélier;0;ok;Damoclès;0;ok;Vive-Attaque;12;ok;Frénésie;0;ok;Patience;0;ok;Météores;0;ok;Piqué;0;stop;;;;;;;;;;;;;;;;;;;;;;;;;;;;;;;;;;;;;;;;;;;;;;;;;;;;;;;;;;;;;;;;;;;;;;;;;;;;;;;;;;;;;;;;;;;;;;;;;;;;;;;;;;;;;;;;;;;;;;;
18;Roucarnage;83;80;75;70;91;172;0;0;0;0;3;Normal;Vol;36;0;;13;ok;Coupe-Vent;0;ok;Tornade;1;ok;Cru-Ailes;31;ok;Vol;0;ok;Charge;1;ok;Bélier;0;ok;Damoclès;0;ok;Ultralaser;0;ok;Vive-Attaque;1;ok;Frénésie;0;ok;Patience;0;ok;Météores;0;ok;Piqué;0;stop;;;;;;;;;;;;;;;;;;;;;;;;;;;;;;;;;;;;;;;;;;;;;;;;;;;;;;;;;;;;;;;;;;;;;;;;;;;;;;;;;;;;;;;;;;;;;;;;;;;;;;;;;;;;;;;;;;;;
19;Rattata;30;56;35;25;72;57;0;0;0;0;1;Normal;;1;20;Rattatac;20;ok;Coupe;0;ok;Charge;1;ok;Plaquage;0;ok;Bélier;0;ok;Damoclès;0;ok;Morsure;0;ok;Pistolet à O;0;ok;Laser Glace;0;ok;Blizzard;0;ok;Riposte;0;ok;Tonnerre;0;ok;Fatal-Foudre;0;ok;Tunnel;0;ok;Vive-Attaque;7;ok;Frénésie;0;ok;Patience;0;ok;Météores;0;ok;Combo-Griffe;0;ok;Croc de Mort;14;ok;Croc Fatal;34;stop;;;;;;;;;;;;;;;;;;;;;;;;;;;;;;;;;;;;;;;;;;;;;;;;;;;;;;;;;;;;;;;;;;;;;;;;;;;;;;;;;;;;;;;;;;;;;;;
20;Rattatac;55;81;60;50;97;116;0;0;0;0;2;Normal;;20;0;;22;ok;Coupe;0;ok;Charge;1;ok;Plaquage;0;ok;Bélier;0;ok;Damoclès;0;ok;Morsure;10;ok;Pistolet à O;0;ok;Laser Glace;0;ok;Blizzard;0;ok;Ultralaser;0;ok;Riposte;0;ok;Force;0;ok;Tonnerre;0;ok;Fatal-Foudre;0;ok;Tunnel;0;ok;Vive-Attaque;1;ok;Frénésie;0;ok;Patience;0;ok;Météores;0;ok;Combo-Griffe;1;ok;Croc de Mort;14;ok;Croc Fatal;41;stop;;;;;;;;;;;;;;;;;;;;;;;;;;;;;;;;;;;;;;;;;;;;;;;;;;;;;;;;;;;;;;;;;;;;;;;;;;;;;;;;;;;;;;;;;
21;Piafabec;40;60;30;31;70;58;0;0;0;0;1;Normal;Vol;1;20;Rapasdepic;13;ok;Coupe-Vent;0;ok;Vol;0;ok;Furie;15;ok;Bélier;0;ok;Damoclès;0;ok;Picpic;1;ok;Bec Vrille;29;ok;Vive-Attaque;0;ok;Frénésie;0;ok;Patience;0;ok;Météores;0;ok;Piqué;0;ok;Triplattaque;0;stop;;;;;;;;;;;;;;;;;;;;;;;;;;;;;;;;;;;;;;;;;;;;;;;;;;;;;;;;;;;;;;;;;;;;;;;;;;;;;;;;;;;;;;;;;;;;;;;;;;;;;;;;;;;;;;;;;;;;
22;Rapasdepic;65;90;65;61;100;162;0;0;0;0;2;Normal;Vol;20;0;;14;ok;Coupe-Vent;0;ok;Vol;0;ok;Furie;15;ok;Bélier;0;ok;Damoclès;0;ok;Ultralaser;0;ok;Picpic;1;ok;Bec Vrille;34;ok;Vive-Attaque;1;ok;Frénésie;0;ok;Patience;0;ok;Météores;0;ok;Piqué;0;ok;Triplattaque;0;stop;;;;;;;;;;;;;;;;;;;;;;;;;;;;;;;;;;;;;;;;;;;;;;;;;;;;;;;;;;;;;;;;;;;;;;;;;;;;;;;;;;;;;;;;;;;;;;;;;;;;;;;;;;;;;;;;;
23;Abo;35;60;44;40;55;62;0;1;0;0;0;Poison;;1;22;Arbok;17;ok;Étreinte;0;ok;Souplesse;0;ok;Plaquage;0;ok;Ligotage;1;ok;Bélier;0;ok;Damoclès;0;ok;Dard-Venin;10;ok;Morsure;17;ok;Acide;38;ok;Force;0;ok;Méga-Sangsue;0;ok;Séisme;0;ok;Abîme;0;ok;Tunnel;0;ok;Frénésie;0;ok;Patience;0;ok;Éboulement;0;stop;;;;;;;;;;;;;;;;;;;;;;;;;;;;;;;;;;;;;;;;;;;;;;;;;;;;;;;;;;;;;;;;;;;;;;;;;;;;;;;;;;;;;;;;;;;;;;;;;;;;;;;;
24;Arbok;60;85;69;65;80;147;0;2;0;0;0;Poison;;22;0;;18;ok;Étreinte;0;ok;Souplesse;36;ok;Plaquage;0;ok;Ligotage;1;ok;Bélier;0;ok;Damoclès;0;ok;Dard-Venin;1;ok;Morsure;17;ok;Acide;47;ok;Ultralaser;0;ok;Force;0;ok;Méga-Sangsue;0;ok;Séisme;0;ok;Abîme;0;ok;Tunnel;0;ok;Frénésie;0;ok;Patience;0;ok;Éboulement;0;stop;;;;;;;;;;;;;;;;;;;;;;;;;;;;;;;;;;;;;;;;;;;;;;;;;;;;;;;;;;;;;;;;;;;;;;;;;;;;;;;;;;;;;;;;;;;;;;;;;;;;;
25;Pikachu;35;55;30;50;90;82;0;0;0;0;2;Electrik;;1;22;Raichu;22;ok;Ultimapoing;0;ok;Jackpot;0;ok;Poing Éclair;0;ok;Souplesse;20;ok;Double Pied;9;ok;Ultimawashi;0;ok;Plaquage;0;ok;Bélier;0;ok;Damoclès;0;ok;Surf;0;ok;Sacrifice;0;ok;Riposte;0;ok;Frappe Atlas;0;ok;Force;0;ok;Éclair;1;ok;Tonnerre;0;ok;Fatal-Foudre;43;ok;Tunnel;0;ok;Vive-Attaque;16;ok;Frénésie;0;ok;Patience;0;ok;Météores;26;stop;;;;;;;;;;;;;;;;;;;;;;;;;;;;;;;;;;;;;;;;;;;;;;;;;;;;;;;;;;;;;;;;;;;;;;;;;;;;;;;;;;;;;;;;;
26;Raichu;60;90;55;90;100;122;0;0;0;0;3;Electrik;;22;0;;22;ok;Ultimapoing;0;ok;Jackpot;0;ok;Poing Éclair;0;ok;Souplesse;1;ok;Ultimawashi;0;ok;Plaquage;0;ok;Bélier;0;ok;Damoclès;0;ok;Surf;0;ok;Ultralaser;0;ok;Sacrifice;0;ok;Riposte;0;ok;Frappe Atlas;0;ok;Force;0;ok;Éclair;1;ok;Tonnerre;0;ok;Fatal-Foudre;0;ok;Tunnel;0;ok;Vive-Attaque;1;ok;Frénésie;0;ok;Patience;0;ok;Météores;0;stop;;;;;;;;;;;;;;;;;;;;;;;;;;;;;;;;;;;;;;;;;;;;;;;;;;;;;;;;;;;;;;;;;;;;;;;;;;;;;;;;;;;;;;;;;
27;Sabelette;50;75;85;30;40;93;0;0;1;0;0;Sol;;1;22;Sablaireau;21;ok;Griffe;1;ok;Coupe;0;ok;Plaquage;0;ok;Bélier;0;ok;Damoclès;0;ok;Dard-Venin;24;ok;Sacrifice;0;ok;Riposte;0;ok;Frappe Atlas;0;ok;Force;0;ok;Séisme;0;ok;Abîme;0;ok;Tunnel;0;ok;Frénésie;0;ok;Patience;0;ok;Météores;31;ok;Vampirisme;0;ok;Combo-Griffe;38;ok;Éboulement;0;ok;Croc Fatal;0;ok;Tranche;17;stop;;;;;;;;;;;;;;;;;;;;;;;;;;;;;;;;;;;;;;;;;;;;;;;;;;;;;;;;;;;;;;;;;;;;;;;;;;;;;;;;;;;;;;;;;;;;
28;Sablaireau;75;100;110;55;65;163;0;0;2;0;0;Sol;;22;0;;23;ok;Griffe;1;ok;Coupe;0;ok;Plaquage;0;ok;Bélier;0;ok;Damoclès;0;ok;Dard-Venin;27;ok;Dard-Nuée;0;ok;Ultralaser;0;ok;Sacrifice;0;ok;Riposte;0;ok;Frappe Atlas;0;ok;Force;0;ok;Séisme;0;ok;Abîme;0;ok;Tunnel;0;ok;Frénésie;0;ok;Patience;0;ok;Météores;36;ok;Vampirisme;0;ok;Combo-Griffe;47;ok;Éboulement;0;ok;Croc Fatal;0;ok;Tranche;17;stop;;;;;;;;;;;;;;;;;;;;;;;;;;;;;;;;;;;;;;;;;;;;;;;;;;;;;;;;;;;;;;;;;;;;;;;;;;;;;;;;;;;;;;
29;Nidoran♀;55;47;52;40;41;59;1;0;0;0;0;Poison;;1;16;Nidorina;20;ok;Griffe;8;ok;Coupe;0;ok;Double Pied;43;ok;Charge;1;ok;Plaquage;0;ok;Bélier;0;ok;Damoclès;0;ok;Dard-Venin;14;ok;Morsure;29;ok;Laser Glace;0;ok;Blizzard;0;ok;Riposte;0;ok;Force;0;ok;Tonnerre;0;ok;Fatal-Foudre;0;ok;Tunnel;0;ok;Frénésie;0;ok;Patience;0;ok;Combo-Griffe;36;ok;Croc Fatal;0;stop;;;;;;;;;;;;;;;;;;;;;;;;;;;;;;;;;;;;;;;;;;;;;;;;;;;;;;;;;;;;;;;;;;;;;;;;;;;;;;;;;;;;;;;;;;;;;;;
30;Nidorina;70;62;67;55;56;117;2;0;0;0;0;Poison;;16;32;Nidoqueen;21;ok;Griffe;1;ok;Coupe;0;ok;Double Pied;50;ok;Charge;1;ok;Plaquage;0;ok;Bélier;0;ok;Damoclès;0;ok;Dard-Venin;14;ok;Morsure;32;ok;Pistolet à O;0;ok;Laser Glace;0;ok;Blizzard;0;ok;Riposte;0;ok;Force;0;ok;Tonnerre;0;ok;Fatal-Foudre;0;ok;Tunnel;0;ok;Frénésie;0;ok;Patience;0;ok;Combo-Griffe;41;ok;Croc Fatal;0;stop;;;;;;;;;;;;;;;;;;;;;;;;;;;;;;;;;;;;;;;;;;;;;;;;;;;;;;;;;;;;;;;;;;;;;;;;;;;;;;;;;;;;;;;;;;;;
31;Nidoqueen;90;82;87;75;76;194;3;0;0;0;0;Poison;Sol;32;0;;36;ok;Ultimapoing;0;ok;Jackpot;0;ok;Poing Feu;0;ok;Poing Glace;0;ok;Poing Éclair;0;ok;Griffe;1;ok;Coupe;0;ok;Double Pied;12;ok;Ultimawashi;0;ok;Charge;1;ok;Plaquage;1;ok;Bélier;0;ok;Damoclès;0;ok;Dard-Venin;14;ok;Morsure;1;ok;Lance-Flammes;0;ok;Pistolet à O;0;ok;Surf;0;ok;Laser Glace;0;ok;Blizzard;0;ok;Ultralaser;0;ok;Sacrifice;0;ok;Riposte;0;ok;Frappe Atlas;0;ok;Force;0;ok;Tonnerre;0;ok;Fatal-Foudre;0;ok;Séisme;0;ok;Abîme;0;ok;Tunnel;0;ok;Frénésie;0;ok;Patience;0;ok;Déflagration;0;ok;Combo-Griffe;1;ok;Éboulement;0;ok;Croc Fatal;0;stop;;;;;;;;;;;;;;;;;;;;;;;;;;;;;;;;;;;;;;;;;;;;;;;
32;Nidoran♂;46;57;40;40;50;60;0;1;0;0;0;Poison;;1;16;Nidorino;21;ok;Coupe;0;ok;Double Pied;43;ok;Furie;29;ok;Charge;1;ok;Plaquage;0;ok;Bélier;0;ok;Mania;0;ok;Damoclès;0;ok;Dard-Venin;14;ok;Laser Glace;0;ok;Blizzard;0;ok;Picpic;1;ok;Riposte;0;ok;Force;0;ok;Tonnerre;0;ok;Fatal-Foudre;0;ok;Tunnel;0;ok;Choc Mental;0;ok;Frénésie;0;ok;Patience;0;ok;Croc Fatal;0;stop;;;;;;;;;;;;;;;;;;;;;;;;;;;;;;;;;;;;;;;;;;;;;;;;;;;;;;;;;;;;;;;;;;;;;;;;;;;;;;;;;;;;;;;;;;;;
33;Nidorino;61;72;57;55;65;118;0;2;0;0;0;Poison;;16;32;Nidoking;20;ok;Coupe;0;ok;Double Pied;50;ok;Furie;32;ok;Charge;1;ok;Plaquage;0;ok;Bélier;0;ok;Damoclès;0;ok;Dard-Venin;14;ok;Pistolet à O;0;ok;Laser Glace;0;ok;Blizzard;0;ok;Picpic;1;ok;Riposte;0;ok;Force;0;ok;Tonnerre;0;ok;Fatal-Foudre;0;ok;Tunnel;0;ok;Frénésie;0;ok;Patience;0;ok;Croc Fatal;0;stop;;;;;;;;;;;;;;;;;;;;;;;;;;;;;;;;;;;;;;;;;;;;;;;;;;;;;;;;;;;;;;;;;;;;;;;;;;;;;;;;;;;;;;;;;;;;;;;
34;Nidoking;81;92;77;75;85;195;0;3;0;0;0;Poison;Sol;32;0;;36;ok;Ultimapoing;0;ok;Jackpot;0;ok;Poing Feu;0;ok;Poing Glace;0;ok;Poing Éclair;0;ok;Coupe;0;ok;Double Pied;12;ok;Ultimawashi;0;ok;Furie;1;ok;Charge;1;ok;Plaquage;0;ok;Bélier;0;ok;Mania;1;ok;Damoclès;0;ok;Dard-Venin;1;ok;Lance-Flammes;0;ok;Pistolet à O;0;ok;Surf;0;ok;Laser Glace;0;ok;Blizzard;0;ok;Ultralaser;0;ok;Picpic;1;ok;Sacrifice;0;ok;Riposte;0;ok;Frappe Atlas;0;ok;Force;0;ok;Tonnerre;0;ok;Fatal-Foudre;0;ok;Séisme;0;ok;Abîme;0;ok;Tunnel;0;ok;Frénésie;0;ok;Patience;0;ok;Déflagration;0;ok;Éboulement;0;ok;Croc Fatal;0;stop;;;;;;;;;;;;;;;;;;;;;;;;;;;;;;;;;;;;;;;;;;;;;;;
35;Mélofée;70;45;48;60;35;68;2;0;0;0;0;Normal;;1;32;Mélodelfe;28;ok;Torgnoles;18;ok;Ultimapoing;0;ok;Poing Feu;0;ok;Poing Glace;0;ok;Poing Éclair;0;ok;Ultimawashi;0;ok;Plaquage;0;ok;Bélier;0;ok;Damoclès;0;ok;Lance-Flammes;0;ok;Pistolet à O;0;ok;Laser Glace;0;ok;Blizzard;0;ok;Sacrifice;0;ok;Riposte;0;ok;Frappe Atlas;0;ok;Force;0;ok;Lance-Soleil;0;ok;Tonnerre;0;ok;Fatal-Foudre;0;ok;Tunnel;0;ok;Psyko;0;ok;Frénésie;0;ok;Patience;0;ok;Déflagration;0;ok;Dévorêve;0;ok;Vague Psy;0;ok;Triplattaque;0;stop;;;;;;;;;;;;;;;;;;;;;;;;;;;;;;;;;;;;;;;;;;;;;;;;;;;;;;;;;;;;;;;;;;;;;;;
36;Mélodelfe;95;70;73;85;60;129;3;0;0;0;0;Normal;;32;0;;29;ok;Torgnoles;1;ok;Ultimapoing;0;ok;Poing Feu;0;ok;Poing Glace;0;ok;Poing Éclair;0;ok;Ultimawashi;0;ok;Plaquage;0;ok;Bélier;0;ok;Damoclès;0;ok;Lance-Flammes;0;ok;Pistolet à O;0;ok;Laser Glace;0;ok;Blizzard;0;ok;Ultralaser;0;ok;Sacrifice;0;ok;Riposte;0;ok;Frappe Atlas;0;ok;Force;0;ok;Lance-Soleil;0;ok;Tonnerre;0;ok;Fatal-Foudre;0;ok;Tunnel;0;ok;Psyko;0;ok;Frénésie;0;ok;Patience;0;ok;Déflagration;0;ok;Dévorêve;0;ok;Vague Psy;0;ok;Triplattaque;0;stop;;;;;;;;;;;;;;;;;;;;;;;;;;;;;;;;;;;;;;;;;;;;;;;;;;;;;;;;;;;;;;;;;;;;
37;Goupix;38;41;40;65;65;63;0;0;0;0;1;Feu;;1;22;Feunard;13;ok;Charge;1;ok;Plaquage;0;ok;Bélier;0;ok;Damoclès;0;ok;Flammèche;1;ok;Lance-Flammes;35;ok;Danse Flammes;42;ok;Tunnel;0;ok;Vive-Attaque;16;ok;Frénésie;0;ok;Patience;0;ok;Déflagration;0;ok;Météores;0;stop;;;;;;;;;;;;;;;;;;;;;;;;;;;;;;;;;;;;;;;;;;;;;;;;;;;;;;;;;;;;;;;;;;;;;;;;;;;;;;;;;;;;;;;;;;;;;;;;;;;;;;;;;;;;;;;;;;;;
38;Feunard;73;76;75;100;100;178;0;0;0;2;0;Feu;;22;0;;16;ok;Charge;1;ok;Plaquage;0;ok;Bélier;0;ok;Damoclès;0;ok;Flammèche;1;ok;Lance-Flammes;0;ok;Ultralaser;0;ok;Lance-Soleil;0;ok;Danse Flammes;43;ok;Tunnel;0;ok;Vive-Attaque;1;ok;Frénésie;0;ok;Patience;0;ok;Déflagration;0;ok;Météores;0;ok;Dévorêve;0;stop;;;;;;;;;;;;;;;;;;;;;;;;;;;;;;;;;;;;;;;;;;;;;;;;;;;;;;;;;;;;;;;;;;;;;;;;;;;;;;;;;;;;;;;;;;;;;;;;;;;;;;;;;;;
39;Rondoudou;115;45;20;25;20;76;2;0;0;0;0;Normal;;1;32;Grodoudou;29;ok;Torgnoles;24;ok;Ultimapoing;0;ok;Poing Feu;0;ok;Poing Glace;0;ok;Poing Éclair;0;ok;Ultimawashi;0;ok;Plaquage;34;ok;Bélier;0;ok;Damoclès;39;ok;Lance-Flammes;0;ok;Pistolet à O;0;ok;Laser Glace;0;ok;Blizzard;0;ok;Sacrifice;0;ok;Riposte;0;ok;Frappe Atlas;0;ok;Force;0;ok;Lance-Soleil;0;ok;Tonnerre;0;ok;Fatal-Foudre;0;ok;Tunnel;0;ok;Psyko;0;ok;Frénésie;0;ok;Patience;0;ok;Destruction;0;ok;Déflagration;0;ok;Dévorêve;0;ok;Vague Psy;0;ok;Triplattaque;0;stop;;;;;;;;;;;;;;;;;;;;;;;;;;;;;;;;;;;;;;;;;;;;;;;;;;;;;;;;;;;;;;;;;;;;
40;Grodoudou;140;70;45;50;45;109;3;0;0;0;0;Normal;;32;0;;30;ok;Torgnoles;1;ok;Ultimapoing;0;ok;Poing Feu;0;ok;Poing Glace;0;ok;Poing Éclair;0;ok;Ultimawashi;0;ok;Plaquage;0;ok;Bélier;0;ok;Damoclès;0;ok;Lance-Flammes;0;ok;Pistolet à O;0;ok;Laser Glace;0;ok;Blizzard;0;ok;Ultralaser;0;ok;Sacrifice;0;ok;Riposte;0;ok;Frappe Atlas;0;ok;Force;0;ok;Lance-Soleil;0;ok;Tonnerre;0;ok;Fatal-Foudre;0;ok;Tunnel;0;ok;Psyko;0;ok;Frénésie;0;ok;Patience;0;ok;Destruction;0;ok;Déflagration;0;ok;Dévorêve;0;ok;Vague Psy;0;ok;Triplattaque;0;stop;;;;;;;;;;;;;;;;;;;;;;;;;;;;;;;;;;;;;;;;;;;;;;;;;;;;;;;;;;;;;;;;;
41;Nosferapti;40;45;35;40;55;54;0;0;0;0;1;Poison;Vol;1;22;Nosferalto;15;ok;Coupe-Vent;0;ok;Tornade;0;ok;Cru-Ailes;28;ok;Vol;0;ok;Bélier;0;ok;Damoclès;0;ok;Morsure;15;ok;Vole-Vie;1;ok;Méga-Sangsue;0;ok;Vive-Attaque;0;ok;Frénésie;0;ok;Patience;0;ok;Météores;0;ok;Vampirisme;1;ok;Croc Fatal;0;stop;;;;;;;;;;;;;;;;;;;;;;;;;;;;;;;;;;;;;;;;;;;;;;;;;;;;;;;;;;;;;;;;;;;;;;;;;;;;;;;;;;;;;;;;;;;;;;;;;;;;;;;;;;;;;;
42;Nosferalto;75;80;70;75;90;171;0;0;0;0;2;Poison;Vol;22;0;;15;ok;Coupe-Vent;0;ok;Cru-Ailes;32;ok;Vol;0;ok;Bélier;0;ok;Damoclès;0;ok;Morsure;1;ok;Ultralaser;0;ok;Vole-Vie;1;ok;Méga-Sangsue;0;ok;Vive-Attaque;1;ok;Frénésie;0;ok;Patience;0;ok;Météores;0;ok;Vampirisme;1;ok;Croc Fatal;0;stop;;;;;;;;;;;;;;;;;;;;;;;;;;;;;;;;;;;;;;;;;;;;;;;;;;;;;;;;;;;;;;;;;;;;;;;;;;;;;;;;;;;;;;;;;;;;;;;;;;;;;;;;;;;;;;
43;Mystherbe;45;50;55;75;30;78;0;0;0;1;0;Plante;Poison;1;21;Ortide;10;ok;Coupe;0;ok;Bélier;0;ok;Damoclès;0;ok;Acide;24;ok;Vole-Vie;1;ok;Méga-Sangsue;0;ok;Lance-Soleil;46;ok;Danse Fleurs;33;ok;Frénésie;0;ok;Patience;0;stop;;;;;;;;;;;;;;;;;;;;;;;;;;;;;;;;;;;;;;;;;;;;;;;;;;;;;;;;;;;;;;;;;;;;;;;;;;;;;;;;;;;;;;;;;;;;;;;;;;;;;;;;;;;;;;;;;;;;;;;;;;;;;
44;Ortide;60;65;70;85;40;132;0;0;0;2;0;Plante;Poison;21;40;Rafflesia;10;ok;Coupe;0;ok;Bélier;0;ok;Damoclès;0;ok;Acide;28;ok;Vole-Vie;1;ok;Méga-Sangsue;0;ok;Lance-Soleil;52;ok;Danse Fleurs;38;ok;Frénésie;0;ok;Patience;0;stop;;;;;;;;;;;;;;;;;;;;;;;;;;;;;;;;;;;;;;;;;;;;;;;;;;;;;;;;;;;;;;;;;;;;;;;;;;;;;;;;;;;;;;;;;;;;;;;;;;;;;;;;;;;;;;;;;;;;;;;;;;;;;
45;Rafflesia;75;80;85;100;50;184;0;0;0;3;0;Plante;Poison;40;0;;12;ok;Coupe;0;ok;Plaquage;0;ok;Bélier;0;ok;Damoclès;0;ok;Acide;1;ok;Ultralaser;0;ok;Vole-Vie;1;ok;Méga-Sangsue;0;ok;Lance-Soleil;0;ok;Danse Fleurs;1;ok;Frénésie;0;ok;Patience;0;stop;;;;;;;;;;;;;;;;;;;;;;;;;;;;;;;;;;;;;;;;;;;;;;;;;;;;;;;;;;;;;;;;;;;;;;;;;;;;;;;;;;;;;;;;;;;;;;;;;;;;;;;;;;;;;;;;;;;;;;;
46;Paras;35;70;55;55;25;70;0;1;0;0;0;Insecte;Plante;1;24;Parasect;16;ok;Griffe;1;ok;Coupe;0;ok;Plaquage;0;ok;Bélier;0;ok;Damoclès;0;ok;Rafale Psy;0;ok;Riposte;0;ok;Vole-Vie;11;ok;Méga-Sangsue;0;ok;Lance-Soleil;0;ok;Tunnel;0;ok;Frénésie;0;ok;Patience;0;ok;Vampirisme;20;ok;Combo-Griffe;15;ok;Tranche;34;stop;;;;;;;;;;;;;;;;;;;;;;;;;;;;;;;;;;;;;;;;;;;;;;;;;;;;;;;;;;;;;;;;;;;;;;;;;;;;;;;;;;;;;;;;;;;;;;;;;;;;;;;;;;;
47;Parasect;60;95;80;80;30;128;0;2;1;0;0;Insecte;Plante;24;0;;16;ok;Griffe;1;ok;Coupe;0;ok;Plaquage;0;ok;Bélier;0;ok;Damoclès;0;ok;Ultralaser;0;ok;Riposte;0;ok;Vole-Vie;1;ok;Méga-Sangsue;0;ok;Lance-Soleil;0;ok;Tunnel;0;ok;Frénésie;0;ok;Patience;0;ok;Vampirisme;1;ok;Combo-Griffe;15;ok;Tranche;39;stop;;;;;;;;;;;;;;;;;;;;;;;;;;;;;;;;;;;;;;;;;;;;;;;;;;;;;;;;;;;;;;;;;;;;;;;;;;;;;;;;;;;;;;;;;;;;;;;;;;;;;;;;;;;
48;Mimitoss;60;55;50;40;45;75;0;0;0;1;0;Insecte;Poison;1;31;Aéromite;13;ok;Charge;1;ok;Bélier;0;ok;Damoclès;0;ok;Rafale Psy;35;ok;Méga-Sangsue;0;ok;Lance-Soleil;0;ok;Choc Mental;19;ok;Psyko;43;ok;Frénésie;0;ok;Patience;0;ok;Météores;0;ok;Vampirisme;27;ok;Vague Psy;0;stop;;;;;;;;;;;;;;;;;;;;;;;;;;;;;;;;;;;;;;;;;;;;;;;;;;;;;;;;;;;;;;;;;;;;;;;;;;;;;;;;;;;;;;;;;;;;;;;;;;;;;;;;;;;;;;;;;;;;
49;Aéromite;70;65;60;90;90;138;0;0;0;1;1;Insecte;Poison;31;0;;17;ok;Coupe-Vent;0;ok;Tornade;31;ok;Charge;1;ok;Bélier;0;ok;Damoclès;0;ok;Rafale Psy;38;ok;Ultralaser;0;ok;Méga-Sangsue;0;ok;Lance-Soleil;0;ok;Choc Mental;1;ok;Psyko;50;ok;Frénésie;0;ok;Patience;0;ok;Météores;0;ok;Dévorêve;0;ok;Vampirisme;1;ok;Vague Psy;0;stop;;;;;;;;;;;;;;;;;;;;;;;;;;;;;;;;;;;;;;;;;;;;;;;;;;;;;;;;;;;;;;;;;;;;;;;;;;;;;;;;;;;;;;;;;;;;;;;;;;;;;;;;
50;Taupiqueur;10;55;25;45;95;81;0;0;0;0;1;Sol;;1;26;Triopikeur;13;ok;Griffe;1;ok;Coupe;0;ok;Plaquage;0;ok;Bélier;0;ok;Damoclès;0;ok;Séisme;40;ok;Abîme;0;ok;Tunnel;19;ok;Frénésie;0;ok;Patience;0;ok;Combo-Griffe;21;ok;Éboulement;0;ok;Tranche;31;stop;;;;;;;;;;;;;;;;;;;;;;;;;;;;;;;;;;;;;;;;;;;;;;;;;;;;;;;;;;;;;;;;;;;;;;;;;;;;;;;;;;;;;;;;;;;;;;;;;;;;;;;;;;;;;;;;;;;;
51;Triopikeur;35;80;50;70;120;153;0;0;0;0;2;Sol;;26;0;;15;ok;Griffe;1;ok;Coupe;0;ok;Plaquage;0;ok;Bélier;0;ok;Damoclès;0;ok;Ultralaser;0;ok;Séisme;47;ok;Abîme;0;ok;Tunnel;1;ok;Frénésie;0;ok;Patience;0;ok;Combo-Griffe;21;ok;Éboulement;0;ok;Triplattaque;1;ok;Tranche;35;stop;;;;;;;;;;;;;;;;;;;;;;;;;;;;;;;;;;;;;;;;;;;;;;;;;;;;;;;;;;;;;;;;;;;;;;;;;;;;;;;;;;;;;;;;;;;;;;;;;;;;;;;;;;;;;;
52;Miaouss;40;45;35;40;90;69;0;0;0;0;1;Normal;;1;28;Persian;17;ok;Jackpot;17;ok;Griffe;1;ok;Coupe;0;ok;Plaquage;0;ok;Bélier;0;ok;Damoclès;0;ok;Morsure;12;ok;Pistolet à O;0;ok;Tonnerre;0;ok;Fatal-Foudre;0;ok;Tunnel;0;ok;Frénésie;0;ok;Patience;0;ok;Météores;0;ok;Dévorêve;0;ok;Combo-Griffe;33;ok;Tranche;44;stop;;;;;;;;;;;;;;;;;;;;;;;;;;;;;;;;;;;;;;;;;;;;;;;;;;;;;;;;;;;;;;;;;;;;;;;;;;;;;;;;;;;;;;;;;;;;;;;;;;;;;;;;
53;Persian;65;70;60;65;115;148;0;0;0;0;2;Normal;;28;0;;18;ok;Jackpot;17;ok;Griffe;1;ok;Coupe;0;ok;Plaquage;0;ok;Bélier;0;ok;Damoclès;0;ok;Morsure;1;ok;Pistolet à O;0;ok;Ultralaser;0;ok;Tonnerre;0;ok;Fatal-Foudre;0;ok;Tunnel;0;ok;Frénésie;0;ok;Patience;0;ok;Météores;0;ok;Dévorêve;0;ok;Combo-Griffe;37;ok;Tranche;51;stop;;;;;;;;;;;;;;;;;;;;;;;;;;;;;;;;;;;;;;;;;;;;;;;;;;;;;;;;;;;;;;;;;;;;;;;;;;;;;;;;;;;;;;;;;;;;;;;;;;;;;
54;Psykokwak;50;52;48;50;55;80;0;0;0;1;0;Eau;;1;33;Akwakwak;26;ok;Ultimapoing;0;ok;Jackpot;0;ok;Poing Glace;0;ok;Griffe;1;ok;Ultimawashi;0;ok;Plaquage;0;ok;Bélier;0;ok;Damoclès;0;ok;Pistolet à O;0;ok;Hydrocanon;52;ok;Surf;0;ok;Laser Glace;0;ok;Blizzard;0;ok;Rafale Psy;0;ok;Sacrifice;0;ok;Riposte;0;ok;Frappe Atlas;0;ok;Force;0;ok;Tunnel;0;ok;Choc Mental;36;ok;Psyko;0;ok;Frénésie;0;ok;Patience;0;ok;Cascade;0;ok;Météores;0;ok;Combo-Griffe;43;stop;;;;;;;;;;;;;;;;;;;;;;;;;;;;;;;;;;;;;;;;;;;;;;;;;;;;;;;;;;;;;;;;;;;;;;;;;;;;;
55;Akwakwak;80;82;78;80;85;174;0;0;0;2;0;Eau;;33;0;;28;ok;Ultimapoing;0;ok;Jackpot;0;ok;Poing Glace;0;ok;Griffe;1;ok;Ultimawashi;0;ok;Plaquage;0;ok;Bélier;0;ok;Damoclès;0;ok;Pistolet à O;0;ok;Hydrocanon;59;ok;Surf;0;ok;Laser Glace;0;ok;Blizzard;0;ok;Rafale Psy;27;ok;Ultralaser;0;ok;Sacrifice;0;ok;Balayage;0;ok;Riposte;0;ok;Frappe Atlas;0;ok;Force;0;ok;Tunnel;0;ok;Choc Mental;39;ok;Psyko;0;ok;Frénésie;0;ok;Patience;0;ok;Cascade;0;ok;Météores;0;ok;Combo-Griffe;48;stop;;;;;;;;;;;;;;;;;;;;;;;;;;;;;;;;;;;;;;;;;;;;;;;;;;;;;;;;;;;;;;;;;;;;;;;
56;Férosinge;40;80;35;35;70;74;0;1;0;0;0;Combat;;1;28;Colossinge;26;ok;Poing Karaté;15;ok;Ultimapoing;0;ok;Jackpot;0;ok;Poing Feu;0;ok;Poing Glace;0;ok;Poing Éclair;0;ok;Griffe;1;ok;Ultimawashi;0;ok;Plaquage;0;ok;Bélier;0;ok;Mania;39;ok;Damoclès;0;ok;Sacrifice;0;ok;Balayage;9;ok;Riposte;0;ok;Frappe Atlas;33;ok;Force;0;ok;Tonnerre;0;ok;Fatal-Foudre;0;ok;Séisme;0;ok;Tunnel;0;ok;Frénésie;0;ok;Patience;0;ok;Météores;0;ok;Combo-Griffe;21;ok;Éboulement;0;stop;;;;;;;;;;;;;;;;;;;;;;;;;;;;;;;;;;;;;;;;;;;;;;;;;;;;;;;;;;;;;;;;;;;;;;;;;;;;;
57;Colossinge;65;105;60;60;95;149;0;2;0;0;0;Combat;;28;0;;27;ok;Poing Karaté;1;ok;Ultimapoing;0;ok;Jackpot;0;ok;Poing Feu;0;ok;Poing Glace;0;ok;Poing Éclair;0;ok;Griffe;1;ok;Ultimawashi;0;ok;Plaquage;0;ok;Bélier;0;ok;Mania;46;ok;Damoclès;0;ok;Ultralaser;0;ok;Sacrifice;0;ok;Balayage;1;ok;Riposte;0;ok;Frappe Atlas;37;ok;Force;0;ok;Tonnerre;0;ok;Fatal-Foudre;0;ok;Séisme;0;ok;Tunnel;0;ok;Frénésie;0;ok;Patience;0;ok;Météores;0;ok;Combo-Griffe;1;ok;Éboulement;0;stop;;;;;;;;;;;;;;;;;;;;;;;;;;;;;;;;;;;;;;;;;;;;;;;;;;;;;;;;;;;;;;;;;;;;;;;;;;
58;Caninos;55;70;45;50;60;91;0;1;0;0;0;Feu;;1;22;Arcanin;16;ok;Double Pied;0;ok;Plaquage;0;ok;Bélier;30;ok;Mania;0;ok;Damoclès;0;ok;Morsure;1;ok;Flammèche;18;ok;Lance-Flammes;50;ok;Force;0;ok;Draco-Rage;0;ok;Danse Flammes;0;ok;Tunnel;0;ok;Frénésie;0;ok;Patience;0;ok;Déflagration;0;ok;Météores;0;stop;;;;;;;;;;;;;;;;;;;;;;;;;;;;;;;;;;;;;;;;;;;;;;;;;;;;;;;;;;;;;;;;;;;;;;;;;;;;;;;;;;;;;;;;;;;;;;;;;;;;;;;;;;;
59;Arcanin;90;110;80;80;95;213;0;2;0;0;0;Feu;;22;0;;16;ok;Plaquage;0;ok;Bélier;1;ok;Damoclès;0;ok;Morsure;1;ok;Flammèche;1;ok;Lance-Flammes;0;ok;Ultralaser;0;ok;Force;0;ok;Lance-Soleil;0;ok;Draco-Rage;0;ok;Danse Flammes;0;ok;Tunnel;0;ok;Frénésie;0;ok;Patience;0;ok;Déflagration;0;ok;Météores;0;stop;;;;;;;;;;;;;;;;;;;;;;;;;;;;;;;;;;;;;;;;;;;;;;;;;;;;;;;;;;;;;;;;;;;;;;;;;;;;;;;;;;;;;;;;;;;;;;;;;;;;;;;;;;;
60;Ptitard;40;50;40;40;90;77;0;0;0;0;1;Eau;;1;25;Têtarte;17;ok;Torgnoles;25;ok;Plaquage;31;ok;Bélier;0;ok;Damoclès;0;ok;Pistolet à O;19;ok;Hydrocanon;45;ok;Surf;0;ok;Laser Glace;0;ok;Blizzard;0;ok;Balayage;26;ok;Tunnel;0;ok;Psyko;0;ok;Frénésie;0;ok;Patience;0;ok;Cascade;0;ok;Écume;1;ok;Vague Psy;0;stop;;;;;;;;;;;;;;;;;;;;;;;;;;;;;;;;;;;;;;;;;;;;;;;;;;;;;;;;;;;;;;;;;;;;;;;;;;;;;;;;;;;;;;;;;;;;;;;;;;;;;;;;
61;Têtarte;65;65;65;50;90;131;0;0;0;0;2;Eau;;25;45;Tartard;26;ok;Torgnoles;26;ok;Ultimapoing;0;ok;Poing Glace;0;ok;Ultimawashi;0;ok;Plaquage;33;ok;Bélier;0;ok;Damoclès;0;ok;Pistolet à O;1;ok;Hydrocanon;49;ok;Surf;0;ok;Laser Glace;0;ok;Blizzard;0;ok;Sacrifice;0;ok;Balayage;30;ok;Riposte;0;ok;Frappe Atlas;0;ok;Force;0;ok;Séisme;0;ok;Abîme;0;ok;Tunnel;0;ok;Psyko;0;ok;Frénésie;0;ok;Patience;0;ok;Cascade;0;ok;Écume;1;ok;Vague Psy;0;stop;;;;;;;;;;;;;;;;;;;;;;;;;;;;;;;;;;;;;;;;;;;;;;;;;;;;;;;;;;;;;;;;;;;;;;;;;;;;;
62;Tartard;90;85;95;70;70;185;0;0;3;0;0;Eau;Combat;45;0;;27;ok;Torgnoles;1;ok;Ultimapoing;0;ok;Poing Glace;0;ok;Ultimawashi;0;ok;Plaquage;1;ok;Bélier;0;ok;Damoclès;0;ok;Pistolet à O;1;ok;Hydrocanon;1;ok;Surf;0;ok;Laser Glace;0;ok;Blizzard;0;ok;Ultralaser;0;ok;Sacrifice;0;ok;Riposte;0;ok;Frappe Atlas;0;ok;Force;0;ok;Séisme;0;ok;Abîme;0;ok;Tunnel;0;ok;Psyko;0;ok;Frénésie;0;ok;Patience;0;ok;Cascade;0;ok;Écume;1;ok;Vague Psy;0;ok;Éboulement;0;stop;;;;;;;;;;;;;;;;;;;;;;;;;;;;;;;;;;;;;;;;;;;;;;;;;;;;;;;;;;;;;;;;;;;;;;;;;;
63;Abra;25;20;15;105;90;73;0;0;0;1;0;Psy;;1;16;Kadabra;19;ok;Ultimapoing;0;ok;Poing Feu;0;ok;Poing Glace;0;ok;Poing Éclair;0;ok;Ultimawashi;0;ok;Plaquage;0;ok;Bélier;0;ok;Damoclès;0;ok;Sacrifice;0;ok;Riposte;0;ok;Frappe Atlas;0;ok;Choc Mental;0;ok;Psyko;0;ok;Frénésie;0;ok;Patience;0;ok;Météores;0;ok;Dévorêve;0;ok;Vague Psy;0;ok;Triplattaque;0;stop;;;;;;;;;;;;;;;;;;;;;;;;;;;;;;;;;;;;;;;;;;;;;;;;;;;;;;;;;;;;;;;;;;;;;;;;;;;;;;;;;;;;;;;;;;;;;;;;;;
64;Kadabra;40;35;30;120;105;145;0;0;0;2;0;Psy;;16;32;Alakazam;22;ok;Ultimapoing;0;ok;Poing Feu;0;ok;Poing Glace;0;ok;Poing Éclair;0;ok;Ultimawashi;0;ok;Plaquage;0;ok;Bélier;0;ok;Damoclès;0;ok;Rafale Psy;27;ok;Sacrifice;0;ok;Riposte;0;ok;Frappe Atlas;0;ok;Tunnel;0;ok;Choc Mental;1;ok;Psyko;38;ok;Frénésie;0;ok;Ombre Nocturne;19;ok;Patience;0;ok;Météores;0;ok;Dévorêve;0;ok;Vague Psy;0;ok;Triplattaque;0;stop;;;;;;;;;;;;;;;;;;;;;;;;;;;;;;;;;;;;;;;;;;;;;;;;;;;;;;;;;;;;;;;;;;;;;;;;;;;;;;;;;;;;;;;;;
65;Alakazam;55;50;45;135;120;186;0;0;0;3;0;Psy;;32;0;;23;ok;Ultimapoing;0;ok;Poing Feu;0;ok;Poing Glace;0;ok;Poing Éclair;0;ok;Ultimawashi;0;ok;Plaquage;0;ok;Bélier;0;ok;Damoclès;0;ok;Rafale Psy;27;ok;Ultralaser;0;ok;Sacrifice;0;ok;Riposte;0;ok;Frappe Atlas;0;ok;Tunnel;0;ok;Choc Mental;1;ok;Psyko;38;ok;Frénésie;0;ok;Ombre Nocturne;19;ok;Patience;0;ok;Météores;0;ok;Dévorêve;0;ok;Vague Psy;0;ok;Triplattaque;0;stop;;;;;;;;;;;;;;;;;;;;;;;;;;;;;;;;;;;;;;;;;;;;;;;;;;;;;;;;;;;;;;;;;;;;;;;;;;;;;;;;;;;;;;
66;Machoc;70;80;50;35;35;88;0;1;0;0;0;Combat;;1;28;Machopeur;23;ok;Poing Karaté;1;ok;Ultimapoing;0;ok;Poing Feu;0;ok;Poing Glace;0;ok;Poing Éclair;0;ok;Ultimawashi;0;ok;Mawashi Geri;0;ok;Plaquage;0;ok;Bélier;0;ok;Damoclès;0;ok;Lance-Flammes;0;ok;Sacrifice;46;ok;Balayage;20;ok;Riposte;0;ok;Frappe Atlas;39;ok;Force;0;ok;Séisme;0;ok;Abîme;0;ok;Tunnel;0;ok;Frénésie;0;ok;Patience;0;ok;Déflagration;0;ok;Éboulement;0;stop;;;;;;;;;;;;;;;;;;;;;;;;;;;;;;;;;;;;;;;;;;;;;;;;;;;;;;;;;;;;;;;;;;;;;;;;;;;;;;;;;;;;;;
67;Machopeur;80;100;70;50;45;146;0;2;0;0;0;Combat;;28;48;Mackogneur;22;ok;Poing Karaté;1;ok;Ultimapoing;0;ok;Poing Feu;0;ok;Poing Glace;0;ok;Poing Éclair;0;ok;Ultimawashi;0;ok;Plaquage;0;ok;Bélier;0;ok;Damoclès;0;ok;Lance-Flammes;0;ok;Sacrifice;52;ok;Balayage;1;ok;Riposte;0;ok;Frappe Atlas;44;ok;Force;0;ok;Séisme;0;ok;Abîme;0;ok;Tunnel;0;ok;Frénésie;0;ok;Patience;0;ok;Déflagration;0;ok;Éboulement;0;stop;;;;;;;;;;;;;;;;;;;;;;;;;;;;;;;;;;;;;;;;;;;;;;;;;;;;;;;;;;;;;;;;;;;;;;;;;;;;;;;;;;;;;;;;;
68;Mackogneur;90;130;80;65;55;193;0;3;0;0;0;Combat;;48;0;;23;ok;Poing Karaté;1;ok;Ultimapoing;0;ok;Poing Feu;0;ok;Poing Glace;0;ok;Poing Éclair;0;ok;Ultimawashi;0;ok;Plaquage;0;ok;Bélier;0;ok;Damoclès;0;ok;Lance-Flammes;0;ok;Ultralaser;0;ok;Sacrifice;52;ok;Balayage;1;ok;Riposte;0;ok;Frappe Atlas;44;ok;Force;0;ok;Séisme;0;ok;Abîme;0;ok;Tunnel;0;ok;Frénésie;0;ok;Patience;0;ok;Déflagration;0;ok;Éboulement;0;stop;;;;;;;;;;;;;;;;;;;;;;;;;;;;;;;;;;;;;;;;;;;;;;;;;;;;;;;;;;;;;;;;;;;;;;;;;;;;;;;;;;;;;;
69;Chétiflor;50;75;35;70;40;84;0;1;0;0;0;Plante;Poison;1;21;Boustiflor;13;ok;Coupe;0;ok;Étreinte;0;ok;Souplesse;42;ok;Fouet Lianes;1;ok;Ligotage;13;ok;Bélier;0;ok;Damoclès;0;ok;Acide;26;ok;Méga-Sangsue;0;ok;Lance-Soleil;0;ok;Frénésie;0;ok;Patience;0;ok;Vampirisme;0;stop;;;;;;;;;;;;;;;;;;;;;;;;;;;;;;;;;;;;;;;;;;;;;;;;;;;;;;;;;;;;;;;;;;;;;;;;;;;;;;;;;;;;;;;;;;;;;;;;;;;;;;;;;;;;;;;;;;;;
70;Boustiflor;65;90;50;85;55;151;0;2;0;0;0;Plante;Poison;21;40;Empiflor;12;ok;Coupe;0;ok;Étreinte;0;ok;Souplesse;49;ok;Fouet Lianes;1;ok;Ligotage;1;ok;Bélier;0;ok;Damoclès;0;ok;Acide;29;ok;Méga-Sangsue;0;ok;Lance-Soleil;0;ok;Frénésie;0;ok;Patience;0;stop;;;;;;;;;;;;;;;;;;;;;;;;;;;;;;;;;;;;;;;;;;;;;;;;;;;;;;;;;;;;;;;;;;;;;;;;;;;;;;;;;;;;;;;;;;;;;;;;;;;;;;;;;;;;;;;;;;;;;;;
71;Empiflor;80;105;65;100;70;191;0;3;0;0;0;Plante;Poison;40;0;;14;ok;Coupe;0;ok;Étreinte;0;ok;Fouet Lianes;1;ok;Plaquage;0;ok;Ligotage;13;ok;Bélier;0;ok;Damoclès;0;ok;Acide;1;ok;Ultralaser;0;ok;Méga-Sangsue;0;ok;Lance-Soleil;0;ok;Frénésie;0;ok;Patience;0;ok;Vampirisme;1;stop;;;;;;;;;;;;;;;;;;;;;;;;;;;;;;;;;;;;;;;;;;;;;;;;;;;;;;;;;;;;;;;;;;;;;;;;;;;;;;;;;;;;;;;;;;;;;;;;;;;;;;;;;;;;;;;;;
72;Tentacool;40;40;35;100;70;105;0;0;0;1;0;Eau;Poison;1;30;Tentacruel;19;ok;Coupe;0;ok;Étreinte;0;ok;Ligotage;13;ok;Bélier;0;ok;Damoclès;0;ok;Dard-Venin;18;ok;Acide;1;ok;Pistolet à O;22;ok;Hydrocanon;48;ok;Surf;0;ok;Laser Glace;0;ok;Blizzard;0;ok;Onde Boréale;0;ok;Méga-Sangsue;0;ok;Frénésie;0;ok;Patience;0;ok;Cascade;0;ok;Constriction;27;ok;Écume;0;stop;;;;;;;;;;;;;;;;;;;;;;;;;;;;;;;;;;;;;;;;;;;;;;;;;;;;;;;;;;;;;;;;;;;;;;;;;;;;;;;;;;;;;;;;;;;;;;;;;;
73;Tentacruel;80;70;65;120;100;205;0;0;0;2;0;Eau;Poison;30;0;;18;ok;Coupe;0;ok;Étreinte;0;ok;Ligotage;1;ok;Bélier;0;ok;Damoclès;0;ok;Dard-Venin;18;ok;Acide;1;ok;Pistolet à O;22;ok;Hydrocanon;50;ok;Surf;0;ok;Laser Glace;0;ok;Blizzard;0;ok;Ultralaser;0;ok;Méga-Sangsue;0;ok;Frénésie;0;ok;Patience;0;ok;Cascade;0;ok;Constriction;27;stop;;;;;;;;;;;;;;;;;;;;;;;;;;;;;;;;;;;;;;;;;;;;;;;;;;;;;;;;;;;;;;;;;;;;;;;;;;;;;;;;;;;;;;;;;;;;;;;;;;;;;
74;Racaillou;40;80;100;30;20;86;0;0;1;0;0;Roche;Sol;1;25;Gravalanch;22;ok;Ultimapoing;0;ok;Poing Feu;0;ok;Poing Éclair;0;ok;Charge;1;ok;Plaquage;0;ok;Bélier;0;ok;Damoclès;0;ok;Lance-Flammes;0;ok;Sacrifice;0;ok;Riposte;0;ok;Frappe Atlas;0;ok;Force;0;ok;Jet-Pierres;16;ok;Séisme;31;ok;Abîme;0;ok;Tunnel;0;ok;Frénésie;0;ok;Patience;0;ok;Destruction;21;ok;Déflagration;0;ok;Explosion;36;ok;Éboulement;0;stop;;;;;;;;;;;;;;;;;;;;;;;;;;;;;;;;;;;;;;;;;;;;;;;;;;;;;;;;;;;;;;;;;;;;;;;;;;;;;;;;;;;;;;;;;
75;Gravalanch;55;95;115;45;35;134;0;0;2;0;0;Roche;Sol;25;45;Grolem;22;ok;Ultimapoing;0;ok;Poing Feu;0;ok;Poing Éclair;0;ok;Charge;1;ok;Plaquage;0;ok;Bélier;0;ok;Damoclès;0;ok;Lance-Flammes;0;ok;Sacrifice;0;ok;Riposte;0;ok;Frappe Atlas;0;ok;Force;0;ok;Jet-Pierres;16;ok;Séisme;36;ok;Abîme;0;ok;Tunnel;0;ok;Frénésie;0;ok;Patience;0;ok;Destruction;21;ok;Déflagration;0;ok;Explosion;43;ok;Éboulement;0;stop;;;;;;;;;;;;;;;;;;;;;;;;;;;;;;;;;;;;;;;;;;;;;;;;;;;;;;;;;;;;;;;;;;;;;;;;;;;;;;;;;;;;;;;;;
76;Grolem;80;110;130;55;45;177;0;0;3;0;0;Roche;Sol;45;0;;24;ok;Ultimapoing;0;ok;Poing Feu;0;ok;Poing Éclair;0;ok;Ultimawashi;0;ok;Charge;1;ok;Plaquage;0;ok;Bélier;0;ok;Damoclès;0;ok;Lance-Flammes;0;ok;Ultralaser;0;ok;Sacrifice;0;ok;Riposte;0;ok;Frappe Atlas;0;ok;Force;0;ok;Jet-Pierres;16;ok;Séisme;36;ok;Abîme;0;ok;Tunnel;0;ok;Frénésie;0;ok;Patience;0;ok;Destruction;21;ok;Déflagration;0;ok;Explosion;43;ok;Éboulement;0;stop;;;;;;;;;;;;;;;;;;;;;;;;;;;;;;;;;;;;;;;;;;;;;;;;;;;;;;;;;;;;;;;;;;;;;;;;;;;;;;;;;;;
77;Ponyta;50;85;55;65;90;152;0;0;0;0;1;Feu;;1;40;Galopa;18;ok;Écrasement;32;ok;Double Pied;0;ok;Charge;1;ok;Plaquage;0;ok;Bélier;43;ok;Mania;0;ok;Damoclès;0;ok;Flammèche;1;ok;Lance-Flammes;0;ok;Balayage;0;ok;Force;0;ok;Lance-Soleil;0;ok;Danse Flammes;39;ok;Vive-Attaque;0;ok;Frénésie;0;ok;Patience;0;ok;Déflagration;0;ok;Météores;0;stop;;;;;;;;;;;;;;;;;;;;;;;;;;;;;;;;;;;;;;;;;;;;;;;;;;;;;;;;;;;;;;;;;;;;;;;;;;;;;;;;;;;;;;;;;;;;;;;;;;;;;
78;Galopa;65;100;70;80;105;192;0;0;0;0;2;Feu;;40;0;;20;ok;Jackpot;0;ok;Écrasement;1;ok;Double Pied;15;ok;Furie;40;ok;Charge;1;ok;Plaquage;0;ok;Bélier;47;ok;Damoclès;0;ok;Flammèche;1;ok;Lance-Flammes;0;ok;Ultralaser;0;ok;Balayage;0;ok;Force;0;ok;Lance-Soleil;0;ok;Danse Flammes;39;ok;Vive-Attaque;1;ok;Frénésie;0;ok;Patience;0;ok;Déflagration;0;ok;Météores;0;stop;;;;;;;;;;;;;;;;;;;;;;;;;;;;;;;;;;;;;;;;;;;;;;;;;;;;;;;;;;;;;;;;;;;;;;;;;;;;;;;;;;;;;;;;;;;;;;;
79;Ramoloss;90;65;65;40;15;99;1;0;0;0;0;Eau;Psy;1;37;Flagadoss;25;ok;Jackpot;0;ok;Écrasement;0;ok;Charge;1;ok;Plaquage;0;ok;Bélier;0;ok;Damoclès;0;ok;Lance-Flammes;0;ok;Pistolet à O;33;ok;Hydrocanon;0;ok;Surf;0;ok;Laser Glace;0;ok;Blizzard;0;ok;Force;0;ok;Séisme;0;ok;Abîme;0;ok;Tunnel;0;ok;Choc Mental;1;ok;Psyko;48;ok;Frénésie;0;ok;Patience;0;ok;Déflagration;0;ok;Météores;0;ok;Dévorêve;0;ok;Vague Psy;0;ok;Triplattaque;0;stop;;;;;;;;;;;;;;;;;;;;;;;;;;;;;;;;;;;;;;;;;;;;;;;;;;;;;;;;;;;;;;;;;;;;;;;;;;;;;;;;
80;Flagadoss;95;75;110;80;30;164;0;0;2;0;0;Eau;Psy;37;0;;32;ok;Ultimapoing;0;ok;Jackpot;0;ok;Poing Glace;0;ok;Écrasement;1;ok;Ultimawashi;0;ok;Charge;1;ok;Plaquage;0;ok;Bélier;0;ok;Damoclès;0;ok;Lance-Flammes;0;ok;Pistolet à O;33;ok;Hydrocanon;0;ok;Surf;0;ok;Laser Glace;0;ok;Blizzard;0;ok;Ultralaser;0;ok;Sacrifice;0;ok;Riposte;0;ok;Frappe Atlas;0;ok;Force;0;ok;Séisme;0;ok;Abîme;0;ok;Tunnel;0;ok;Choc Mental;1;ok;Psyko;55;ok;Frénésie;0;ok;Patience;0;ok;Déflagration;0;ok;Météores;0;ok;Dévorêve;0;ok;Vague Psy;0;ok;Triplattaque;0;stop;;;;;;;;;;;;;;;;;;;;;;;;;;;;;;;;;;;;;;;;;;;;;;;;;;;;;;;;;;;
81;Magnéti;25;35;70;95;45;89;0;0;0;1;0;Electrik;;1;30;Magnéton;11;ok;Charge;1;ok;Bélier;0;ok;Damoclès;0;ok;Sonic Boom;21;ok;Éclair;25;ok;Tonnerre;0;ok;Fatal-Foudre;0;ok;Frénésie;0;ok;Patience;0;ok;Météores;41;ok;Explosion;0;stop;;;;;;;;;;;;;;;;;;;;;;;;;;;;;;;;;;;;;;;;;;;;;;;;;;;;;;;;;;;;;;;;;;;;;;;;;;;;;;;;;;;;;;;;;;;;;;;;;;;;;;;;;;;;;;;;;;;;;;;;;;
82;Magnéton;50;60;95;120;70;161;0;0;0;2;0;Electrik;;30;0;;13;ok;Charge;1;ok;Bélier;0;ok;Damoclès;0;ok;Sonic Boom;1;ok;Ultralaser;0;ok;Éclair;1;ok;Tonnerre;0;ok;Fatal-Foudre;0;ok;Frénésie;0;ok;Patience;0;ok;Météores;46;ok;Explosion;0;ok;Triplattaque;35;stop;;;;;;;;;;;;;;;;;;;;;;;;;;;;;;;;;;;;;;;;;;;;;;;;;;;;;;;;;;;;;;;;;;;;;;;;;;;;;;;;;;;;;;;;;;;;;;;;;;;;;;;;;;;;;;;;;;;;
83;Canarticho;52;65;55;58;60;94;0;1;0;0;0;Normal;Vol;1;0;;15;ok;Coupe-Vent;0;ok;Coupe;0;ok;Tornade;0;ok;Vol;0;ok;Furie;15;ok;Plaquage;0;ok;Bélier;0;ok;Damoclès;0;ok;Picpic;1;ok;Vive-Attaque;0;ok;Frénésie;0;ok;Patience;0;ok;Météores;0;ok;Piqué;0;ok;Tranche;39;stop;;;;;;;;;;;;;;;;;;;;;;;;;;;;;;;;;;;;;;;;;;;;;;;;;;;;;;;;;;;;;;;;;;;;;;;;;;;;;;;;;;;;;;;;;;;;;;;;;;;;;;;;;;;;;;
84;Doduo;35;85;45;35;75;96;0;1;0;0;0;Normal;Vol;1;31;Dodrio;15;ok;Vol;0;ok;Pied Sauté;40;ok;Furie;24;ok;Plaquage;0;ok;Bélier;0;ok;Mania;50;ok;Damoclès;0;ok;Picpic;1;ok;Bec Vrille;30;ok;Vive-Attaque;0;ok;Frénésie;36;ok;Patience;0;ok;Météores;0;ok;Piqué;0;ok;Triplattaque;40;stop;;;;;;;;;;;;;;;;;;;;;;;;;;;;;;;;;;;;;;;;;;;;;;;;;;;;;;;;;;;;;;;;;;;;;;;;;;;;;;;;;;;;;;;;;;;;;;;;;;;;;;;;;;;;;;
85;Dodrio;60;110;70;60;100;158;0;2;0;0;0;Normal;Vol;31;0;;16;ok;Vol;0;ok;Pied Sauté;43;ok;Furie;1;ok;Plaquage;0;ok;Bélier;0;ok;Mania;60;ok;Damoclès;0;ok;Ultralaser;0;ok;Picpic;1;ok;Bec Vrille;30;ok;Vive-Attaque;1;ok;Frénésie;39;ok;Patience;0;ok;Météores;0;ok;Piqué;0;ok;Triplattaque;45;stop;;;;;;;;;;;;;;;;;;;;;;;;;;;;;;;;;;;;;;;;;;;;;;;;;;;;;;;;;;;;;;;;;;;;;;;;;;;;;;;;;;;;;;;;;;;;;;;;;;;;;;;;;;;
86;Otaria;65;45;55;70;45;100;0;0;0;1;0;Eau;;1;34;Lamantine;16;ok;Jackpot;0;ok;Souplesse;0;ok;Plaquage;0;ok;Bélier;45;ok;Damoclès;0;ok;Pistolet à O;0;ok;Surf;0;ok;Laser Glace;50;ok;Blizzard;0;ok;Onde Boréale;35;ok;Picpic;0;ok;Force;0;ok;Frénésie;0;ok;Patience;0;ok;Léchouille;0;ok;Cascade;0;stop;;;;;;;;;;;;;;;;;;;;;;;;;;;;;;;;;;;;;;;;;;;;;;;;;;;;;;;;;;;;;;;;;;;;;;;;;;;;;;;;;;;;;;;;;;;;;;;;;;;;;;;;;;;
87;Lamantine;90;70;80;95;70;176;0;0;0;2;0;Eau;Glace;34;0;;14;ok;Jackpot;0;ok;Plaquage;0;ok;Bélier;50;ok;Damoclès;0;ok;Pistolet à O;0;ok;Surf;0;ok;Laser Glace;56;ok;Blizzard;0;ok;Onde Boréale;1;ok;Ultralaser;0;ok;Force;0;ok;Frénésie;0;ok;Patience;0;ok;Cascade;0;stop;;;;;;;;;;;;;;;;;;;;;;;;;;;;;;;;;;;;;;;;;;;;;;;;;;;;;;;;;;;;;;;;;;;;;;;;;;;;;;;;;;;;;;;;;;;;;;;;;;;;;;;;;;;;;;;;;
88;Tadmorv;80;80;50;40;25;90;1;0;0;0;0;Poison;;1;38;Grotadmorv;18;ok;Poing Feu;0;ok;Poing Glace;0;ok;Poing Éclair;0;ok;Plaquage;0;ok;Lance-Flammes;0;ok;Force;0;ok;Méga-Sangsue;0;ok;Tonnerre;0;ok;Fatal-Foudre;0;ok;Tunnel;0;ok;Frénésie;0;ok;Patience;0;ok;Destruction;0;ok;Léchouille;0;ok;Détritus;37;ok;Déflagration;0;ok;Explosion;0;ok;Éboulement;0;stop;;;;;;;;;;;;;;;;;;;;;;;;;;;;;;;;;;;;;;;;;;;;;;;;;;;;;;;;;;;;;;;;;;;;;;;;;;;;;;;;;;;;;;;;;;;;;;;;;;;;;
89;Grotadmorv;105;105;75;65;50;157;1;1;0;0;0;Poison;;38;0;;18;ok;Poing Feu;0;ok;Poing Glace;0;ok;Poing Éclair;0;ok;Plaquage;0;ok;Lance-Flammes;0;ok;Ultralaser;0;ok;Force;0;ok;Méga-Sangsue;0;ok;Tonnerre;0;ok;Fatal-Foudre;0;ok;Tunnel;0;ok;Frénésie;0;ok;Patience;0;ok;Destruction;0;ok;Détritus;37;ok;Déflagration;0;ok;Explosion;0;ok;Éboulement;0;stop;;;;;;;;;;;;;;;;;;;;;;;;;;;;;;;;;;;;;;;;;;;;;;;;;;;;;;;;;;;;;;;;;;;;;;;;;;;;;;;;;;;;;;;;;;;;;;;;;;;;;
90;Kokiyas;30;65;100;45;40;97;0;0;1;0;0;Eau;;1;21;Crustabri;17;ok;Charge;1;ok;Bélier;0;ok;Damoclès;0;ok;Double Dard;0;ok;Pistolet à O;0;ok;Hydrocanon;61;ok;Surf;0;ok;Laser Glace;50;ok;Blizzard;0;ok;Onde Boréale;30;ok;Frénésie;0;ok;Patience;0;ok;Destruction;0;ok;Claquoir;23;ok;Météores;0;ok;Explosion;0;ok;Triplattaque;0;stop;;;;;;;;;;;;;;;;;;;;;;;;;;;;;;;;;;;;;;;;;;;;;;;;;;;;;;;;;;;;;;;;;;;;;;;;;;;;;;;;;;;;;;;;;;;;;;;;;;;;;;;;
91;Crustabri;50;95;180;85;70;203;0;0;2;0;0;Eau;Glace;21;0;;20;ok;Charge;1;ok;Bélier;0;ok;Damoclès;0;ok;Double Dard;1;ok;Dard-Nuée;0;ok;Pistolet à O;0;ok;Hydrocanon;1;ok;Surf;0;ok;Laser Glace;0;ok;Blizzard;0;ok;Onde Boréale;1;ok;Ultralaser;0;ok;Frénésie;0;ok;Patience;0;ok;Destruction;0;ok;Claquoir;1;ok;Météores;0;ok;Picanon;50;ok;Explosion;0;ok;Triplattaque;0;stop;;;;;;;;;;;;;;;;;;;;;;;;;;;;;;;;;;;;;;;;;;;;;;;;;;;;;;;;;;;;;;;;;;;;;;;;;;;;;;;;;;;;;;;;;;;;;;;
92;Fantominus;30;35;30;100;80;95;0;0;0;1;0;Spectre;Poison;1;25;Spectrum;16;ok;Poing Feu;0;ok;Poing Glace;0;ok;Poing Éclair;0;ok;Méga-Sangsue;0;ok;Tonnerre;0;ok;Fatal-Foudre;0;ok;Psyko;0;ok;Frénésie;0;ok;Ombre Nocturne;1;ok;Patience;0;ok;Destruction;0;ok;Léchouille;1;ok;Purédpois;0;ok;Dévorêve;35;ok;Vague Psy;0;ok;Explosion;0;stop;;;;;;;;;;;;;;;;;;;;;;;;;;;;;;;;;;;;;;;;;;;;;;;;;;;;;;;;;;;;;;;;;;;;;;;;;;;;;;;;;;;;;;;;;;;;;;;;;;;;;;;;;;;
93;Spectrum;45;50;45;115;95;126;0;0;0;2;0;Spectre;Poison;25;45;Ectoplasma;16;ok;Poing Feu;0;ok;Poing Glace;0;ok;Poing Éclair;0;ok;Méga-Sangsue;0;ok;Tonnerre;0;ok;Fatal-Foudre;0;ok;Psyko;0;ok;Frénésie;0;ok;Ombre Nocturne;1;ok;Patience;0;ok;Destruction;0;ok;Léchouille;1;ok;Purédpois;1;ok;Dévorêve;38;ok;Vague Psy;0;ok;Explosion;0;stop;;;;;;;;;;;;;;;;;;;;;;;;;;;;;;;;;;;;;;;;;;;;;;;;;;;;;;;;;;;;;;;;;;;;;;;;;;;;;;;;;;;;;;;;;;;;;;;;;;;;;;;;;;;
94;Ectoplasma;60;65;60;130;110;190;0;0;0;3;0;Spectre;Poison;45;0;;26;ok;Ultimapoing;0;ok;Poing Feu;0;ok;Poing Glace;0;ok;Poing Éclair;0;ok;Ultimawashi;0;ok;Plaquage;0;ok;Bélier;0;ok;Damoclès;0;ok;Ultralaser;0;ok;Sacrifice;0;ok;Riposte;0;ok;Frappe Atlas;0;ok;Force;0;ok;Méga-Sangsue;0;ok;Tonnerre;0;ok;Fatal-Foudre;0;ok;Psyko;0;ok;Frénésie;0;ok;Ombre Nocturne;1;ok;Patience;0;ok;Destruction;0;ok;Léchouille;1;ok;Purédpois;1;ok;Dévorêve;38;ok;Vague Psy;0;ok;Explosion;0;stop;;;;;;;;;;;;;;;;;;;;;;;;;;;;;;;;;;;;;;;;;;;;;;;;;;;;;;;;;;;;;;;;;;;;;;;;;;;;;
95;Onix;35;45;160;30;70;108;0;0;1;0;0;Roche;Sol;1;0;;16;ok;Étreinte;15;ok;Souplesse;33;ok;Charge;1;ok;Plaquage;0;ok;Bélier;0;ok;Damoclès;0;ok;Force;0;ok;Jet-Pierres;19;ok;Séisme;0;ok;Abîme;0;ok;Tunnel;0;ok;Frénésie;25;ok;Patience;0;ok;Destruction;0;ok;Explosion;0;ok;Éboulement;0;stop;;;;;;;;;;;;;;;;;;;;;;;;;;;;;;;;;;;;;;;;;;;;;;;;;;;;;;;;;;;;;;;;;;;;;;;;;;;;;;;;;;;;;;;;;;;;;;;;;;;;;;;;;;;
96;Soporifik;60;48;45;90;42;102;0;0;0;1;0;Psy;;1;26;Hypnomade;20;ok;Ultimapoing;0;ok;Poing Feu;0;ok;Poing Glace;0;ok;Poing Éclair;0;ok;Ultimawashi;0;ok;Plaquage;0;ok;Bélier;0;ok;Damoclès;0;ok;Rafale Psy;26;ok;Sacrifice;0;ok;Balayage;0;ok;Riposte;0;ok;Frappe Atlas;0;ok;Choc Mental;17;ok;Psyko;32;ok;Frénésie;0;ok;Patience;0;ok;Dévorêve;0;ok;Vague Psy;0;ok;Triplattaque;0;stop;;;;;;;;;;;;;;;;;;;;;;;;;;;;;;;;;;;;;;;;;;;;;;;;;;;;;;;;;;;;;;;;;;;;;;;;;;;;;;;;;;;;;;;;;;;;;;;
97;Hypnomade;85;73;70;115;67;165;0;0;0;2;0;Psy;;26;0;;21;ok;Ultimapoing;0;ok;Poing Feu;0;ok;Poing Glace;0;ok;Poing Éclair;0;ok;Ultimawashi;0;ok;Plaquage;0;ok;Bélier;0;ok;Damoclès;0;ok;Rafale Psy;28;ok;Ultralaser;0;ok;Sacrifice;0;ok;Balayage;0;ok;Riposte;0;ok;Frappe Atlas;0;ok;Choc Mental;1;ok;Psyko;37;ok;Frénésie;0;ok;Patience;0;ok;Dévorêve;0;ok;Vague Psy;0;ok;Triplattaque;0;stop;;;;;;;;;;;;;;;;;;;;;;;;;;;;;;;;;;;;;;;;;;;;;;;;;;;;;;;;;;;;;;;;;;;;;;;;;;;;;;;;;;;;;;;;;;;;
98;Krabby;30;105;90;25;50;115;0;1;0;0;0;Eau;;1;28;Krabboss;20;ok;Force Poigne;20;ok;Guillotine;25;ok;Coupe;0;ok;Souplesse;0;ok;Écrasement;30;ok;Plaquage;0;ok;Bélier;0;ok;Damoclès;0;ok;Pistolet à O;0;ok;Surf;0;ok;Laser Glace;0;ok;Blizzard;0;ok;Force;0;ok;Tunnel;0;ok;Frénésie;0;ok;Patience;0;ok;Écume;1;ok;Pince-Masse;35;ok;Éboulement;0;ok;Tranche;0;stop;;;;;;;;;;;;;;;;;;;;;;;;;;;;;;;;;;;;;;;;;;;;;;;;;;;;;;;;;;;;;;;;;;;;;;;;;;;;;;;;;;;;;;;;;;;;;;;
99;Krabboss;55;130;115;50;75;206;0;2;0;0;0;Eau;;28;0;;21;ok;Force Poigne;1;ok;Guillotine;25;ok;Coupe;0;ok;Souplesse;44;ok;Écrasement;34;ok;Plaquage;0;ok;Bélier;0;ok;Damoclès;0;ok;Pistolet à O;0;ok;Hydrocanon;0;ok;Surf;0;ok;Laser Glace;0;ok;Blizzard;0;ok;Ultralaser;0;ok;Force;0;ok;Tunnel;0;ok;Frénésie;0;ok;Patience;0;ok;Écume;1;ok;Pince-Masse;42;ok;Éboulement;0;stop;;;;;;;;;;;;;;;;;;;;;;;;;;;;;;;;;;;;;;;;;;;;;;;;;;;;;;;;;;;;;;;;;;;;;;;;;;;;;;;;;;;;;;;;;;;;
100;Voltorbe;40;30;50;55;100;103;0;0;0;0;1;Electrik;;1;30;Électrode;11;ok;Charge;1;ok;Bélier;0;ok;Sonic Boom;17;ok;Éclair;9;ok;Tonnerre;0;ok;Fatal-Foudre;0;ok;Frénésie;0;ok;Patience;0;ok;Destruction;22;ok;Météores;36;ok;Explosion;43;stop;;;;;;;;;;;;;;;;;;;;;;;;;;;;;;;;;;;;;;;;;;;;;;;;;;;;;;;;;;;;;;;;;;;;;;;;;;;;;;;;;;;;;;;;;;;;;;;;;;;;;;;;;;;;;;;;;;;;;;;;;;
101;Électrode;60;50;70;80;140;150;0;0;0;0;2;Electrik;;30;0;;12;ok;Charge;1;ok;Bélier;0;ok;Sonic Boom;1;ok;Ultralaser;0;ok;Éclair;1;ok;Tonnerre;0;ok;Fatal-Foudre;0;ok;Frénésie;0;ok;Patience;0;ok;Destruction;22;ok;Météores;40;ok;Explosion;50;stop;;;;;;;;;;;;;;;;;;;;;;;;;;;;;;;;;;;;;;;;;;;;;;;;;;;;;;;;;;;;;;;;;;;;;;;;;;;;;;;;;;;;;;;;;;;;;;;;;;;;;;;;;;;;;;;;;;;;;;;
102;Noeunoeuf;60;40;80;60;40;98;0;0;1;0;0;Plante;Psy;1;21;Noadkoko;16;ok;Bélier;0;ok;Damoclès;0;ok;Rafale Psy;27;ok;Force;0;ok;Vole-Vie;1;ok;Méga-Sangsue;0;ok;Lance-Soleil;42;ok;Choc Mental;19;ok;Psyko;0;ok;Frénésie;0;ok;Patience;0;ok;Destruction;0;ok;Dévorêve;0;ok;Pilonnage;1;ok;Vague Psy;0;ok;Explosion;0;stop;;;;;;;;;;;;;;;;;;;;;;;;;;;;;;;;;;;;;;;;;;;;;;;;;;;;;;;;;;;;;;;;;;;;;;;;;;;;;;;;;;;;;;;;;;;;;;;;;;;;;;;;;;;
103;Noadkoko;95;95;85;125;55;212;0;0;0;2;0;Plante;Psy;21;0;;18;ok;Écrasement;28;ok;Bélier;0;ok;Damoclès;0;ok;Ultralaser;0;ok;Balayage;0;ok;Force;0;ok;Vole-Vie;1;ok;Méga-Sangsue;0;ok;Lance-Soleil;0;ok;Choc Mental;1;ok;Psyko;0;ok;Frénésie;0;ok;Patience;0;ok;Destruction;0;ok;Dévorêve;0;ok;Pilonnage;1;ok;Vague Psy;0;ok;Explosion;0;stop;;;;;;;;;;;;;;;;;;;;;;;;;;;;;;;;;;;;;;;;;;;;;;;;;;;;;;;;;;;;;;;;;;;;;;;;;;;;;;;;;;;;;;;;;;;;;;;;;;;;;
104;Osselait;50;50;95;40;35;87;0;0;1;0;0;Sol;;1;28;Ossatueur;27;ok;Ultimapoing;0;ok;Poing Feu;0;ok;Poing Éclair;0;ok;Double Pied;0;ok;Ultimawashi;0;ok;Plaquage;0;ok;Bélier;0;ok;Mania;38;ok;Damoclès;0;ok;Lance-Flammes;0;ok;Pistolet à O;0;ok;Laser Glace;0;ok;Blizzard;0;ok;Sacrifice;0;ok;Balayage;0;ok;Riposte;0;ok;Frappe Atlas;0;ok;Force;0;ok;Séisme;0;ok;Abîme;0;ok;Tunnel;0;ok;Frénésie;46;ok;Patience;0;ok;Déflagration;0;ok;Météores;0;ok;Osmerang;43;ok;Éboulement;0;stop;;;;;;;;;;;;;;;;;;;;;;;;;;;;;;;;;;;;;;;;;;;;;;;;;;;;;;;;;;;;;;;;;;;;;;;;;;
105;Ossatueur;60;80;110;50;45;124;0;0;2;0;0;Sol;;28;0;;27;ok;Ultimapoing;0;ok;Poing Feu;0;ok;Poing Éclair;0;ok;Ultimawashi;0;ok;Plaquage;0;ok;Bélier;0;ok;Mania;41;ok;Damoclès;0;ok;Lance-Flammes;0;ok;Pistolet à O;0;ok;Laser Glace;0;ok;Blizzard;0;ok;Ultralaser;0;ok;Sacrifice;0;ok;Balayage;0;ok;Riposte;0;ok;Frappe Atlas;0;ok;Force;0;ok;Séisme;0;ok;Abîme;0;ok;Tunnel;0;ok;Frénésie;55;ok;Patience;0;ok;Déflagration;0;ok;Météores;0;ok;Osmerang;48;ok;Éboulement;0;stop;;;;;;;;;;;;;;;;;;;;;;;;;;;;;;;;;;;;;;;;;;;;;;;;;;;;;;;;;;;;;;;;;;;;;;;;;;
106;Kicklee;50;120;53;35;87;139;0;2;0;0;0;Combat;;1;0;;20;ok;Ultimapoing;0;ok;Double Pied;1;ok;Ultimawashi;53;ok;Pied Sauté;38;ok;Mawashi Geri;33;ok;Charge;1;ok;Plaquage;0;ok;Bélier;0;ok;Damoclès;0;ok;Sacrifice;0;ok;Balayage;0;ok;Riposte;0;ok;Frappe Atlas;0;ok;Force;0;ok;Séisme;0;ok;Frénésie;0;ok;Patience;0;ok;Météores;0;ok;Pied Voltige;48;ok;Éboulement;0;stop;;;;;;;;;;;;;;;;;;;;;;;;;;;;;;;;;;;;;;;;;;;;;;;;;;;;;;;;;;;;;;;;;;;;;;;;;;;;;;;;;;;;;;;;;;;;;;;
107;Tygnon;50;105;79;35;76;140;0;0;0;2;0;Combat;;1;0;;21;ok;Poing Comète;1;ok;Ultimapoing;48;ok;Poing Feu;33;ok;Poing Glace;38;ok;Poing Éclair;43;ok;Ultimawashi;0;ok;Charge;1;ok;Plaquage;0;ok;Bélier;0;ok;Damoclès;0;ok;Sacrifice;0;ok;Balayage;0;ok;Riposte;53;ok;Frappe Atlas;0;ok;Force;0;ok;Séisme;0;ok;Frénésie;0;ok;Patience;0;ok;Météores;0;ok;Uppercut;25;ok;Éboulement;0;stop;;;;;;;;;;;;;;;;;;;;;;;;;;;;;;;;;;;;;;;;;;;;;;;;;;;;;;;;;;;;;;;;;;;;;;;;;;;;;;;;;;;;;;;;;;;;
108;Excelangue;90;55;75;60;30;127;2;0;0;0;0;Normal;;1;0;;38;ok;Ultimapoing;0;ok;Poing Feu;0;ok;Poing Glace;0;ok;Poing Éclair;0;ok;Coupe;0;ok;Étreinte;0;ok;Souplesse;31;ok;Écrasement;7;ok;Ultimawashi;0;ok;Plaquage;0;ok;Ligotage;1;ok;Bélier;0;ok;Mania;0;ok;Damoclès;0;ok;Acide;10;ok;Lance-Flammes;0;ok;Pistolet à O;0;ok;Hydrocanon;0;ok;Surf;0;ok;Laser Glace;0;ok;Blizzard;0;ok;Ultralaser;0;ok;Sacrifice;0;ok;Riposte;0;ok;Frappe Atlas;0;ok;Force;0;ok;Lance-Soleil;0;ok;Tonnerre;0;ok;Fatal-Foudre;0;ok;Séisme;0;ok;Abîme;0;ok;Tunnel;0;ok;Frénésie;0;ok;Patience;0;ok;Léchouille;1;ok;Déflagration;0;ok;Dévorêve;0;ok;Éboulement;0;stop;;;;;;;;;;;;;;;;;;;;;;;;;;;;;;;;;;;;;;;;;
109;Smogo;40;65;95;60;35;114;0;0;1;0;0;Poison;;1;35;Smogogo;13;ok;Charge;1;ok;Lance-Flammes;0;ok;Rafale Psy;0;ok;Tonnerre;0;ok;Fatal-Foudre;0;ok;Frénésie;0;ok;Patience;0;ok;Destruction;40;ok;Purédpois;1;ok;Détritus;32;ok;Déflagration;0;ok;Vague Psy;0;ok;Explosion;48;stop;;;;;;;;;;;;;;;;;;;;;;;;;;;;;;;;;;;;;;;;;;;;;;;;;;;;;;;;;;;;;;;;;;;;;;;;;;;;;;;;;;;;;;;;;;;;;;;;;;;;;;;;;;;;;;;;;;;;
110;Smogogo;65;90;120;85;60;173;0;0;2;0;0;Poison;;35;0;;13;ok;Charge;1;ok;Lance-Flammes;0;ok;Rafale Psy;1;ok;Ultralaser;0;ok;Tonnerre;0;ok;Fatal-Foudre;0;ok;Frénésie;0;ok;Patience;0;ok;Destruction;43;ok;Purédpois;1;ok;Détritus;1;ok;Déflagration;0;ok;Explosion;53;stop;;;;;;;;;;;;;;;;;;;;;;;;;;;;;;;;;;;;;;;;;;;;;;;;;;;;;;;;;;;;;;;;;;;;;;;;;;;;;;;;;;;;;;;;;;;;;;;;;;;;;;;;;;;;;;;;;;;;
111;Rhinocorne;80;85;95;30;25;135;0;0;1;0;0;Sol;Roche;1;42;Rhinoféros;22;ok;Écrasement;30;ok;Furie;40;ok;Charge;1;ok;Plaquage;0;ok;Bélier;55;ok;Mania;0;ok;Damoclès;0;ok;Lance-Flammes;0;ok;Laser Glace;0;ok;Blizzard;0;ok;Riposte;0;ok;Force;0;ok;Tonnerre;0;ok;Fatal-Foudre;0;ok;Jet-Pierres;19;ok;Séisme;0;ok;Abîme;0;ok;Tunnel;0;ok;Frénésie;0;ok;Patience;0;ok;Déflagration;0;ok;Éboulement;0;stop;;;;;;;;;;;;;;;;;;;;;;;;;;;;;;;;;;;;;;;;;;;;;;;;;;;;;;;;;;;;;;;;;;;;;;;;;;;;;;;;;;;;;;;;;
112;Rhinoféros;105;130;120;45;40;204;0;2;0;0;0;Sol;Roche;42;0;;34;ok;Ultimapoing;0;ok;Jackpot;0;ok;Poing Feu;0;ok;Poing Glace;0;ok;Poing Éclair;0;ok;Coupe;0;ok;Écrasement;1;ok;Ultimawashi;0;ok;Furie;1;ok;Charge;1;ok;Plaquage;0;ok;Bélier;64;ok;Damoclès;0;ok;Lance-Flammes;0;ok;Pistolet à O;0;ok;Hydrocanon;0;ok;Surf;0;ok;Laser Glace;0;ok;Blizzard;0;ok;Ultralaser;0;ok;Sacrifice;0;ok;Riposte;0;ok;Frappe Atlas;0;ok;Force;0;ok;Tonnerre;0;ok;Fatal-Foudre;0;ok;Jet-Pierres;19;ok;Séisme;0;ok;Abîme;0;ok;Tunnel;0;ok;Frénésie;0;ok;Patience;0;ok;Déflagration;0;ok;Éboulement;0;stop;;;;;;;;;;;;;;;;;;;;;;;;;;;;;;;;;;;;;;;;;;;;;;;;;;;;;
113;Leveinard;250;5;5;105;50;255;2;0;0;0;0;Normal;;1;0;;30;ok;Torgnoles;1;ok;Ultimapoing;0;ok;Poing Feu;0;ok;Poing Glace;0;ok;Poing Éclair;0;ok;Ultimawashi;0;ok;Plaquage;0;ok;Bélier;0;ok;Damoclès;54;ok;Lance-Flammes;0;ok;Pistolet à O;0;ok;Laser Glace;0;ok;Blizzard;0;ok;Ultralaser;0;ok;Sacrifice;0;ok;Riposte;0;ok;Frappe Atlas;0;ok;Force;0;ok;Lance-Soleil;0;ok;Tonnerre;0;ok;Fatal-Foudre;0;ok;Séisme;0;ok;Psyko;0;ok;Frénésie;0;ok;Patience;0;ok;Déflagration;0;ok;Dévorêve;0;ok;Vague Psy;0;ok;Éboulement;0;ok;Triplattaque;0;stop;;;;;;;;;;;;;;;;;;;;;;;;;;;;;;;;;;;;;;;;;;;;;;;;;;;;;;;;;;;;;;;;;
114;Saquedeneu;65;55;115;100;60;166;0;0;1;0;0;Plante;;1;0;;15;ok;Coupe;0;ok;Étreinte;1;ok;Souplesse;45;ok;Fouet Lianes;29;ok;Plaquage;0;ok;Bélier;0;ok;Damoclès;0;ok;Ultralaser;0;ok;Vole-Vie;29;ok;Méga-Sangsue;0;ok;Lance-Soleil;0;ok;Choc Mental;0;ok;Frénésie;0;ok;Patience;0;ok;Constriction;1;stop;;;;;;;;;;;;;;;;;;;;;;;;;;;;;;;;;;;;;;;;;;;;;;;;;;;;;;;;;;;;;;;;;;;;;;;;;;;;;;;;;;;;;;;;;;;;;;;;;;;;;;;;;;;;;;
115;Kangourex;105;95;80;40;90;175;2;0;0;0;0;Normal;;1;0;;35;ok;Poing Comète;1;ok;Ultimapoing;36;ok;Poing Feu;0;ok;Poing Glace;0;ok;Poing Éclair;0;ok;Coupe;0;ok;Écrasement;0;ok;Ultimawashi;0;ok;Plaquage;0;ok;Bélier;0;ok;Damoclès;0;ok;Morsure;26;ok;Lance-Flammes;0;ok;Pistolet à O;0;ok;Hydrocanon;0;ok;Surf;0;ok;Laser Glace;0;ok;Blizzard;0;ok;Ultralaser;0;ok;Sacrifice;0;ok;Balayage;0;ok;Riposte;0;ok;Frappe Atlas;0;ok;Force;0;ok;Lance-Soleil;0;ok;Tonnerre;0;ok;Fatal-Foudre;0;ok;Séisme;0;ok;Abîme;0;ok;Tunnel;0;ok;Frénésie;1;ok;Patience;0;ok;Déflagration;0;ok;Uppercut;46;ok;Éboulement;0;stop;;;;;;;;;;;;;;;;;;;;;;;;;;;;;;;;;;;;;;;;;;;;;;;;;;
116;Hypotrempe;30;40;70;70;60;83;0;0;0;1;0;Eau;;1;32;Hypocéan;15;ok;Coupe-Vent;0;ok;Bélier;0;ok;Damoclès;0;ok;Pistolet à O;30;ok;Hydrocanon;45;ok;Surf;0;ok;Laser Glace;0;ok;Blizzard;0;ok;Onde Boréale;0;ok;Draco-Rage;0;ok;Frénésie;0;ok;Patience;0;ok;Cascade;0;ok;Météores;0;ok;Écume;1;stop;;;;;;;;;;;;;;;;;;;;;;;;;;;;;;;;;;;;;;;;;;;;;;;;;;;;;;;;;;;;;;;;;;;;;;;;;;;;;;;;;;;;;;;;;;;;;;;;;;;;;;;;;;;;;;
117;Hypocéan;55;65;95;95;85;155;0;0;1;1;0;Eau;;32;0;;13;ok;Bélier;0;ok;Damoclès;0;ok;Pistolet à O;30;ok;Hydrocanon;52;ok;Surf;0;ok;Laser Glace;0;ok;Blizzard;0;ok;Ultralaser;0;ok;Frénésie;0;ok;Patience;0;ok;Cascade;0;ok;Météores;0;ok;Écume;1;stop;;;;;;;;;;;;;;;;;;;;;;;;;;;;;;;;;;;;;;;;;;;;;;;;;;;;;;;;;;;;;;;;;;;;;;;;;;;;;;;;;;;;;;;;;;;;;;;;;;;;;;;;;;;;;;;;;;;;
118;Poissirène;45;67;60;50;63;111;0;1;0;0;0;Eau;;1;33;Poissoroy;16;ok;Furie;30;ok;Plaquage;0;ok;Bélier;0;ok;Damoclès;0;ok;Pistolet à O;0;ok;Hydrocanon;0;ok;Surf;0;ok;Laser Glace;0;ok;Blizzard;0;ok;Rafale Psy;0;ok;Picpic;1;ok;Vive-Attaque;10;ok;Frénésie;0;ok;Patience;0;ok;Cascade;37;ok;Météores;0;stop;;;;;;;;;;;;;;;;;;;;;;;;;;;;;;;;;;;;;;;;;;;;;;;;;;;;;;;;;;;;;;;;;;;;;;;;;;;;;;;;;;;;;;;;;;;;;;;;;;;;;;;;;;;
119;Poissoroy;80;92;65;80;68;170;0;2;0;0;0;Eau;;33;0;;17;ok;Furie;30;ok;Plaquage;0;ok;Bélier;0;ok;Damoclès;0;ok;Pistolet à O;0;ok;Hydrocanon;0;ok;Surf;0;ok;Laser Glace;0;ok;Blizzard;0;ok;Rafale Psy;1;ok;Ultralaser;0;ok;Picpic;1;ok;Vive-Attaque;1;ok;Frénésie;0;ok;Patience;0;ok;Cascade;39;ok;Météores;0;stop;;;;;;;;;;;;;;;;;;;;;;;;;;;;;;;;;;;;;;;;;;;;;;;;;;;;;;;;;;;;;;;;;;;;;;;;;;;;;;;;;;;;;;;;;;;;;;;;;;;;;;;;
120;Stari;30;45;55;70;85;106;0;0;0;0;1;Eau;;1;21;Staross;19;ok;Charge;1;ok;Bélier;0;ok;Damoclès;0;ok;Pistolet à O;17;ok;Hydrocanon;47;ok;Surf;0;ok;Laser Glace;0;ok;Blizzard;0;ok;Rafale Psy;24;ok;Onde Boréale;0;ok;Tonnerre;0;ok;Fatal-Foudre;0;ok;Psyko;0;ok;Frénésie;0;ok;Patience;0;ok;Cascade;0;ok;Météores;32;ok;Vague Psy;0;ok;Triplattaque;0;stop;;;;;;;;;;;;;;;;;;;;;;;;;;;;;;;;;;;;;;;;;;;;;;;;;;;;;;;;;;;;;;;;;;;;;;;;;;;;;;;;;;;;;;;;;;;;;;;;;;
121;Staross;60;75;85;100;115;207;0;0;0;0;2;Eau;Psy;21;0;;20;ok;Charge;1;ok;Bélier;0;ok;Damoclès;0;ok;Pistolet à O;1;ok;Hydrocanon;1;ok;Surf;0;ok;Laser Glace;0;ok;Blizzard;0;ok;Rafale Psy;1;ok;Ultralaser;0;ok;Tonnerre;0;ok;Fatal-Foudre;0;ok;Psyko;0;ok;Frénésie;0;ok;Patience;0;ok;Cascade;0;ok;Météores;0;ok;Dévorêve;0;ok;Vague Psy;0;ok;Triplattaque;0;stop;;;;;;;;;;;;;;;;;;;;;;;;;;;;;;;;;;;;;;;;;;;;;;;;;;;;;;;;;;;;;;;;;;;;;;;;;;;;;;;;;;;;;;;;;;;;;;;
122;M. Mime;40;45;65;100;90;136;0;0;0;2;0;Psy;;1;0;;23;ok;Torgnoles;31;ok;Ultimapoing;0;ok;Poing Feu;0;ok;Poing Glace;0;ok;Poing Éclair;0;ok;Ultimawashi;0;ok;Plaquage;0;ok;Bélier;0;ok;Damoclès;0;ok;Rafale Psy;36;ok;Ultralaser;0;ok;Sacrifice;0;ok;Riposte;0;ok;Frappe Atlas;0;ok;Lance-Soleil;0;ok;Tonnerre;0;ok;Fatal-Foudre;0;ok;Choc Mental;1;ok;Psyko;0;ok;Frénésie;0;ok;Patience;0;ok;Dévorêve;0;ok;Vague Psy;0;stop;;;;;;;;;;;;;;;;;;;;;;;;;;;;;;;;;;;;;;;;;;;;;;;;;;;;;;;;;;;;;;;;;;;;;;;;;;;;;;;;;;;;;;
123;Insécateur;70;110;80;55;105;187;0;1;0;0;0;Insecte;Vol;1;0;;12;ok;Coupe-Vent;0;ok;Coupe;0;ok;Cru-Ailes;50;ok;Bélier;0;ok;Damoclès;0;ok;Ultralaser;0;ok;Riposte;0;ok;Vive-Attaque;1;ok;Frénésie;0;ok;Patience;0;ok;Météores;0;ok;Tranche;29;stop;;;;;;;;;;;;;;;;;;;;;;;;;;;;;;;;;;;;;;;;;;;;;;;;;;;;;;;;;;;;;;;;;;;;;;;;;;;;;;;;;;;;;;;;;;;;;;;;;;;;;;;;;;;;;;;;;;;;;;;
124;Lippoutou;65;50;35;95;95;137;0;0;0;2;0;Glace;Psy;1;0;;22;ok;Torgnoles;23;ok;Ultimapoing;0;ok;Poing Glace;31;ok;Ultimawashi;0;ok;Plaquage;39;ok;Bélier;0;ok;Mania;47;ok;Damoclès;0;ok;Pistolet à O;0;ok;Laser Glace;0;ok;Blizzard;58;ok;Ultralaser;0;ok;Sacrifice;0;ok;Riposte;0;ok;Frappe Atlas;0;ok;Choc Mental;12;ok;Psyko;0;ok;Frénésie;0;ok;Patience;0;ok;Léchouille;18;ok;Dévorêve;0;ok;Vague Psy;0;stop;;;;;;;;;;;;;;;;;;;;;;;;;;;;;;;;;;;;;;;;;;;;;;;;;;;;;;;;;;;;;;;;;;;;;;;;;;;;;;;;;;;;;;;;;
125;Élektek;65;83;57;85;105;156;0;0;0;0;2;Electrik;;1;0;;23;ok;Ultimapoing;0;ok;Poing Feu;0;ok;Poing Glace;0;ok;Poing Éclair;42;ok;Ultimawashi;0;ok;Plaquage;0;ok;Bélier;0;ok;Damoclès;0;ok;Ultralaser;0;ok;Sacrifice;0;ok;Balayage;10;ok;Riposte;0;ok;Frappe Atlas;0;ok;Force;0;ok;Éclair;34;ok;Tonnerre;0;ok;Fatal-Foudre;54;ok;Psyko;0;ok;Vive-Attaque;1;ok;Frénésie;0;ok;Patience;0;ok;Météores;0;ok;Vague Psy;0;stop;;;;;;;;;;;;;;;;;;;;;;;;;;;;;;;;;;;;;;;;;;;;;;;;;;;;;;;;;;;;;;;;;;;;;;;;;;;;;;;;;;;;;;
126;Magmar;65;95;57;85;93;167;0;0;0;2;0;Feu;;1;0;;22;ok;Ultimapoing;0;ok;Poing Feu;43;ok;Poing Éclair;0;ok;Ultimawashi;0;ok;Plaquage;0;ok;Bélier;0;ok;Damoclès;0;ok;Flammèche;1;ok;Lance-Flammes;55;ok;Ultralaser;0;ok;Sacrifice;0;ok;Balayage;0;ok;Riposte;0;ok;Frappe Atlas;0;ok;Force;0;ok;Danse Flammes;19;ok;Psyko;0;ok;Frénésie;0;ok;Patience;0;ok;Purédpois;52;ok;Déflagration;0;ok;Vague Psy;0;stop;;;;;;;;;;;;;;;;;;;;;;;;;;;;;;;;;;;;;;;;;;;;;;;;;;;;;;;;;;;;;;;;;;;;;;;;;;;;;;;;;;;;;;;;;
127;Scarabrute;65;125;100;55;85;200;0;2;0;0;0;Insecte;;1;0;;20;ok;Force Poigne;1;ok;Guillotine;30;ok;Coupe;0;ok;Étreinte;21;ok;Furie;0;ok;Plaquage;0;ok;Bélier;0;ok;Mania;35;ok;Damoclès;0;ok;Ultralaser;0;ok;Sacrifice;0;ok;Frappe Atlas;25;ok;Force;0;ok;Séisme;0;ok;Tunnel;0;ok;Vive-Attaque;0;ok;Frénésie;0;ok;Patience;0;ok;Éboulement;0;ok;Tranche;49;stop;;;;;;;;;;;;;;;;;;;;;;;;;;;;;;;;;;;;;;;;;;;;;;;;;;;;;;;;;;;;;;;;;;;;;;;;;;;;;;;;;;;;;;;;;;;;;;;
128;Tauros;75;100;95;70;110;211;0;1;0;0;1;Normal;;1;0;;21;ok;Écrasement;21;ok;Charge;1;ok;Plaquage;0;ok;Bélier;51;ok;Mania;43;ok;Damoclès;0;ok;Lance-Flammes;0;ok;Surf;0;ok;Laser Glace;0;ok;Blizzard;0;ok;Ultralaser;0;ok;Force;0;ok;Lance-Soleil;0;ok;Tonnerre;0;ok;Fatal-Foudre;0;ok;Séisme;0;ok;Abîme;0;ok;Frénésie;44;ok;Patience;0;ok;Déflagration;0;ok;Éboulement;0;stop;;;;;;;;;;;;;;;;;;;;;;;;;;;;;;;;;;;;;;;;;;;;;;;;;;;;;;;;;;;;;;;;;;;;;;;;;;;;;;;;;;;;;;;;;;;;
129;Magicarpe;20;10;55;20;80;20;0;0;0;0;1;Eau;;1;20;Léviator;2;ok;Charge;15;ok;Hydrocanon;0;stop;;;;;;;;;;;;;;;;;;;;;;;;;;;;;;;;;;;;;;;;;;;;;;;;;;;;;;;;;;;;;;;;;;;;;;;;;;;;;;;;;;;;;;;;;;;;;;;;;;;;;;;;;;;;;;;;;;;;;;;;;;;;;;;;;;;;;;;;;;;;;;;;;;;;;
130;Léviator;95;125;79;100;81;214;0;2;0;0;0;Eau;Vol;20;0;;23;ok;Étreinte;1;ok;Charge;1;ok;Plaquage;0;ok;Bélier;0;ok;Mania;1;ok;Damoclès;0;ok;Morsure;1;ok;Lance-Flammes;0;ok;Pistolet à O;0;ok;Hydrocanon;1;ok;Surf;0;ok;Laser Glace;0;ok;Blizzard;0;ok;Ultralaser;52;ok;Force;0;ok;Draco-Rage;1;ok;Tonnerre;0;ok;Fatal-Foudre;0;ok;Séisme;0;ok;Frénésie;0;ok;Patience;0;ok;Déflagration;0;ok;Cascade;0;stop;;;;;;;;;;;;;;;;;;;;;;;;;;;;;;;;;;;;;;;;;;;;;;;;;;;;;;;;;;;;;;;;;;;;;;;;;;;;;;;;;;;;;;
131;Lokhlass;130;85;80;95;60;219;2;0;0;0;0;Eau;;1;0;;22;ok;Plaquage;25;ok;Bélier;0;ok;Damoclès;0;ok;Pistolet à O;1;ok;Hydrocanon;46;ok;Surf;0;ok;Laser Glace;38;ok;Blizzard;0;ok;Onde Boréale;0;ok;Ultralaser;0;ok;Force;0;ok;Lance-Soleil;0;ok;Draco-Rage;0;ok;Tonnerre;0;ok;Fatal-Foudre;0;ok;Abîme;0;ok;Psyko;0;ok;Frénésie;0;ok;Patience;0;ok;Cascade;0;ok;Dévorêve;0;ok;Vague Psy;0;stop;;;;;;;;;;;;;;;;;;;;;;;;;;;;;;;;;;;;;;;;;;;;;;;;;;;;;;;;;;;;;;;;;;;;;;;;;;;;;;;;;;;;;;;;;
132;Métamorph;48;48;48;48;48;61;1;0;0;0;0;Eau;Glace;1;0;;0;stop;;;;;;;;;;;;;;;;;;;;;;;;;;;;;;;;;;;;;;;;;;;;;;;;;;;;;;;;;;;;;;;;;;;;;;;;;;;;;;;;;;;;;;;;;;;;;;;;;;;;;;;;;;;;;;;;;;;;;;;;;;;;;;;;;;;;;;;;;;;;;;;;;;;;;;;;;;;
133;Évoli;55;55;50;65;55;92;0;0;0;1;0;Normal;;1;21;Aquali;12;ok;Jackpot;0;ok;Double Pied;10;ok;Charge;1;ok;Plaquage;0;ok;Bélier;45;ok;Damoclès;0;ok;Morsure;37;ok;Tunnel;0;ok;Vive-Attaque;27;ok;Frénésie;0;ok;Patience;0;ok;Météores;0;stop;;;;;;;;;;;;;;;;;;;;;;;;;;;;;;;;;;;;;;;;;;;;;;;;;;;;;;;;;;;;;;;;;;;;;;;;;;;;;;;;;;;;;;;;;;;;;;;;;;;;;;;;;;;;;;;;;;;;;;;
134;Aquali;130;65;60;110;65;196;2;0;0;0;0;Eau;;21;21;Voltali;21;ok;Jackpot;0;ok;Double Pied;10;ok;Charge;1;ok;Plaquage;0;ok;Bélier;0;ok;Damoclès;0;ok;Morsure;40;ok;Pistolet à O;1;ok;Hydrocanon;54;ok;Surf;0;ok;Laser Glace;0;ok;Blizzard;0;ok;Onde Boréale;36;ok;Ultralaser;0;ok;Force;0;ok;Tunnel;0;ok;Vive-Attaque;1;ok;Frénésie;0;ok;Patience;0;ok;Cascade;0;ok;Météores;0;stop;;;;;;;;;;;;;;;;;;;;;;;;;;;;;;;;;;;;;;;;;;;;;;;;;;;;;;;;;;;;;;;;;;;;;;;;;;;;;;;;;;;;;;;;;;;;
135;Voltali;65;65;60;110;130;197;0;0;0;0;2;Electrik;;21;21;Pyroli;18;ok;Jackpot;0;ok;Double Pied;42;ok;Charge;1;ok;Plaquage;0;ok;Bélier;0;ok;Damoclès;0;ok;Dard-Nuée;48;ok;Morsure;1;ok;Ultralaser;0;ok;Force;0;ok;Éclair;1;ok;Tonnerre;0;ok;Fatal-Foudre;54;ok;Tunnel;0;ok;Vive-Attaque;1;ok;Frénésie;0;ok;Patience;0;ok;Météores;0;stop;;;;;;;;;;;;;;;;;;;;;;;;;;;;;;;;;;;;;;;;;;;;;;;;;;;;;;;;;;;;;;;;;;;;;;;;;;;;;;;;;;;;;;;;;;;;;;;;;;;;;
136;Pyroli;65;130;60;110;65;198;0;2;0;0;0;Feu;;21;0;;19;ok;Jackpot;0;ok;Double Pied;10;ok;Charge;1;ok;Plaquage;0;ok;Bélier;0;ok;Damoclès;0;ok;Morsure;40;ok;Flammèche;1;ok;Lance-Flammes;54;ok;Ultralaser;0;ok;Force;0;ok;Danse Flammes;44;ok;Tunnel;0;ok;Vive-Attaque;1;ok;Frénésie;48;ok;Patience;0;ok;Purédpois;42;ok;Déflagration;0;ok;Météores;0;stop;;;;;;;;;;;;;;;;;;;;;;;;;;;;;;;;;;;;;;;;;;;;;;;;;;;;;;;;;;;;;;;;;;;;;;;;;;;;;;;;;;;;;;;;;;;;;;;;;;
137;Porygon;65;60;70;75;40;130;0;0;0;1;0;Normal;;1;0;;18;ok;Charge;1;ok;Bélier;0;ok;Damoclès;0;ok;Laser Glace;0;ok;Blizzard;0;ok;Rafale Psy;23;ok;Ultralaser;0;ok;Lance-Soleil;0;ok;Éclair;15;ok;Tonnerre;0;ok;Fatal-Foudre;0;ok;Psyko;0;ok;Frénésie;0;ok;Patience;0;ok;Météores;0;ok;Dévorêve;0;ok;Vague Psy;0;ok;Triplattaque;42;stop;;;;;;;;;;;;;;;;;;;;;;;;;;;;;;;;;;;;;;;;;;;;;;;;;;;;;;;;;;;;;;;;;;;;;;;;;;;;;;;;;;;;;;;;;;;;;;;;;;;;;
138;Amonita;35;40;100;90;35;120;0;0;1;0;0;Roche;Eau;1;42;Amonistar;19;ok;Étreinte;0;ok;Souplesse;0;ok;Plaquage;0;ok;Bélier;0;ok;Damoclès;0;ok;Morsure;13;ok;Pistolet à O;1;ok;Hydrocanon;53;ok;Surf;0;ok;Laser Glace;0;ok;Blizzard;0;ok;Onde Boréale;0;ok;Jet-Pierres;26;ok;Frénésie;0;ok;Patience;0;ok;Cascade;0;ok;Picanon;46;ok;Constriction;1;ok;Éboulement;0;stop;;;;;;;;;;;;;;;;;;;;;;;;;;;;;;;;;;;;;;;;;;;;;;;;;;;;;;;;;;;;;;;;;;;;;;;;;;;;;;;;;;;;;;;;;;;;;;;;;;
139;Amonistar;70;60;125;115;55;199;0;0;2;0;0;Roche;Eau;42;0;;21;ok;Étreinte;0;ok;Plaquage;0;ok;Bélier;0;ok;Damoclès;0;ok;Dard-Nuée;0;ok;Morsure;1;ok;Pistolet à O;1;ok;Hydrocanon;49;ok;Surf;0;ok;Laser Glace;0;ok;Blizzard;0;ok;Ultralaser;0;ok;Sacrifice;0;ok;Frappe Atlas;0;ok;Jet-Pierres;26;ok;Frénésie;0;ok;Patience;0;ok;Cascade;0;ok;Picanon;44;ok;Constriction;1;ok;Éboulement;0;stop;;;;;;;;;;;;;;;;;;;;;;;;;;;;;;;;;;;;;;;;;;;;;;;;;;;;;;;;;;;;;;;;;;;;;;;;;;;;;;;;;;;;;;;;;;;;
140;Kabuto;30;80;90;45;55;119;0;0;1;0;0;Roche;Eau;1;40;Kabutops;20;ok;Griffe;1;ok;Plaquage;0;ok;Bélier;0;ok;Damoclès;0;ok;Pistolet à O;0;ok;Hydrocanon;49;ok;Surf;0;ok;Laser Glace;0;ok;Blizzard;0;ok;Onde Boréale;0;ok;Vole-Vie;34;ok;Méga-Sangsue;46;ok;Jet-Pierres;30;ok;Tunnel;0;ok;Frénésie;0;ok;Patience;0;ok;Cascade;0;ok;Vampirisme;48;ok;Éboulement;0;ok;Tranche;39;stop;;;;;;;;;;;;;;;;;;;;;;;;;;;;;;;;;;;;;;;;;;;;;;;;;;;;;;;;;;;;;;;;;;;;;;;;;;;;;;;;;;;;;;;;;;;;;;;
141;Kabutops;60;115;105;70;80;201;0;2;0;0;0;Roche;Eau;40;0;;26;ok;Griffe;1;ok;Coupe-Vent;0;ok;Coupe;0;ok;Ultimawashi;0;ok;Plaquage;0;ok;Bélier;0;ok;Damoclès;0;ok;Pistolet à O;0;ok;Hydrocanon;53;ok;Surf;0;ok;Laser Glace;0;ok;Blizzard;0;ok;Ultralaser;0;ok;Sacrifice;0;ok;Balayage;0;ok;Frappe Atlas;0;ok;Vole-Vie;1;ok;Méga-Sangsue;51;ok;Jet-Pierres;30;ok;Tunnel;0;ok;Frénésie;0;ok;Patience;0;ok;Cascade;0;ok;Vampirisme;54;ok;Éboulement;0;ok;Tranche;39;stop;;;;;;;;;;;;;;;;;;;;;;;;;;;;;;;;;;;;;;;;;;;;;;;;;;;;;;;;;;;;;;;;;;;;;;;;;;;;;
142;Ptéra;80;105;65;60;130;202;0;0;0;0;2;Roche;Vol;1;0;;18;ok;Coupe-Vent;0;ok;Cru-Ailes;1;ok;Vol;0;ok;Bélier;45;ok;Damoclès;0;ok;Morsure;38;ok;Lance-Flammes;0;ok;Ultralaser;54;ok;Force;0;ok;Draco-Rage;0;ok;Jet-Pierres;21;ok;Séisme;0;ok;Frénésie;0;ok;Patience;0;ok;Déflagration;0;ok;Météores;0;ok;Piqué;0;ok;Éboulement;0;stop;;;;;;;;;;;;;;;;;;;;;;;;;;;;;;;;;;;;;;;;;;;;;;;;;;;;;;;;;;;;;;;;;;;;;;;;;;;;;;;;;;;;;;;;;;;;;;;;;;;;;
143;Ronflex;160;110;65;65;30;154;2;0;0;0;0;Normal;;1;0;;35;ok;Ultimapoing;0;ok;Jackpot;0;ok;Poing Feu;0;ok;Poing Glace;0;ok;Poing Éclair;0;ok;Ultimawashi;0;ok;Charge;1;ok;Plaquage;35;ok;Bélier;0;ok;Damoclès;48;ok;Morsure;16;ok;Lance-Flammes;0;ok;Pistolet à O;0;ok;Hydrocanon;0;ok;Surf;0;ok;Laser Glace;0;ok;Blizzard;0;ok;Ultralaser;56;ok;Sacrifice;0;ok;Riposte;0;ok;Frappe Atlas;0;ok;Force;0;ok;Lance-Soleil;0;ok;Tonnerre;0;ok;Fatal-Foudre;0;ok;Séisme;0;ok;Abîme;0;ok;Psyko;0;ok;Frénésie;0;ok;Patience;0;ok;Destruction;0;ok;Léchouille;0;ok;Déflagration;0;ok;Vague Psy;0;ok;Éboulement;0;stop;;;;;;;;;;;;;;;;;;;;;;;;;;;;;;;;;;;;;;;;;;;;;;;;;;
144;Artikodin;90;85;100;125;85;215;0;0;0;3;0;Glace;Vol;1;0;;14;ok;Coupe-Vent;0;ok;Tornade;1;ok;Vol;0;ok;Bélier;0;ok;Damoclès;0;ok;Pistolet à O;0;ok;Laser Glace;1;ok;Blizzard;51;ok;Ultralaser;0;ok;Picpic;1;ok;Frénésie;0;ok;Patience;0;ok;Météores;0;ok;Piqué;0;stop;;;;;;;;;;;;;;;;;;;;;;;;;;;;;;;;;;;;;;;;;;;;;;;;;;;;;;;;;;;;;;;;;;;;;;;;;;;;;;;;;;;;;;;;;;;;;;;;;;;;;;;;;;;;;;;;;
145;Électhor;90;90;85;125;100;216;0;0;0;3;0;Electrik;Vol;1;0;;14;ok;Coupe-Vent;0;ok;Vol;0;ok;Bélier;0;ok;Damoclès;0;ok;Ultralaser;0;ok;Picpic;1;ok;Bec Vrille;1;ok;Éclair;1;ok;Tonnerre;0;ok;Fatal-Foudre;51;ok;Frénésie;0;ok;Patience;0;ok;Météores;0;ok;Piqué;0;stop;;;;;;;;;;;;;;;;;;;;;;;;;;;;;;;;;;;;;;;;;;;;;;;;;;;;;;;;;;;;;;;;;;;;;;;;;;;;;;;;;;;;;;;;;;;;;;;;;;;;;;;;;;;;;;;;;
146;Sulfura;90;100;90;125;90;217;0;0;0;3;0;Feu;Vol;1;0;;17;ok;Coupe-Vent;0;ok;Tornade;1;ok;Cru-Ailes;1;ok;Vol;0;ok;Bélier;0;ok;Damoclès;0;ok;Flammèche;1;ok;Lance-Flammes;49;ok;Ultralaser;0;ok;Picpic;1;ok;Lance-Soleil;71;ok;Danse Flammes;1;ok;Frénésie;0;ok;Patience;0;ok;Déflagration;0;ok;Météores;0;ok;Piqué;60;stop;;;;;;;;;;;;;;;;;;;;;;;;;;;;;;;;;;;;;;;;;;;;;;;;;;;;;;;;;;;;;;;;;;;;;;;;;;;;;;;;;;;;;;;;;;;;;;;;;;;;;;;;
147;Minidraco;41;64;45;50;50;67;0;1;0;0;0;Dragon;;1;30;Draco;22;ok;Étreinte;0;ok;Souplesse;30;ok;Plaquage;0;ok;Ligotage;1;ok;Bélier;0;ok;Damoclès;0;ok;Lance-Flammes;0;ok;Pistolet à O;0;ok;Hydrocanon;0;ok;Surf;0;ok;Laser Glace;0;ok;Blizzard;0;ok;Ultralaser;50;ok;Draco-Rage;40;ok;Danse Flammes;0;ok;Tonnerre;0;ok;Fatal-Foudre;0;ok;Frénésie;0;ok;Patience;0;ok;Déflagration;0;ok;Cascade;0;ok;Météores;0;stop;;;;;;;;;;;;;;;;;;;;;;;;;;;;;;;;;;;;;;;;;;;;;;;;;;;;;;;;;;;;;;;;;;;;;;;;;;;;;;;;;;;;;;;;;
148;Draco;61;84;65;70;70;144;0;2;0;0;0;Dragon;;30;55;Dracolosse;22;ok;Étreinte;0;ok;Souplesse;35;ok;Plaquage;0;ok;Ligotage;1;ok;Bélier;0;ok;Damoclès;0;ok;Lance-Flammes;0;ok;Pistolet à O;0;ok;Hydrocanon;0;ok;Surf;0;ok;Laser Glace;0;ok;Blizzard;0;ok;Ultralaser;55;ok;Draco-Rage;45;ok;Danse Flammes;0;ok;Tonnerre;0;ok;Fatal-Foudre;0;ok;Frénésie;0;ok;Patience;0;ok;Déflagration;0;ok;Cascade;0;ok;Météores;0;stop;;;;;;;;;;;;;;;;;;;;;;;;;;;;;;;;;;;;;;;;;;;;;;;;;;;;;;;;;;;;;;;;;;;;;;;;;;;;;;;;;;;;;;;;;
149;Dracolosse;91;134;95;100;80;218;0;3;0;0;0;Dragon;Vol;55;0;;34;ok;Ultimapoing;0;ok;Poing Feu;0;ok;Poing Glace;0;ok;Poing Éclair;0;ok;Coupe-Vent;0;ok;Coupe;0;ok;Cru-Ailes;55;ok;Vol;0;ok;Étreinte;0;ok;Souplesse;35;ok;Ultimawashi;0;ok;Plaquage;0;ok;Ligotage;1;ok;Bélier;0;ok;Damoclès;0;ok;Lance-Flammes;0;ok;Pistolet à O;0;ok;Hydrocanon;0;ok;Surf;0;ok;Laser Glace;0;ok;Blizzard;0;ok;Ultralaser;60;ok;Force;0;ok;Draco-Rage;45;ok;Danse Flammes;0;ok;Tonnerre;0;ok;Fatal-Foudre;0;ok;Séisme;0;ok;Frénésie;0;ok;Patience;0;ok;Déflagration;0;ok;Cascade;0;ok;Météores;0;ok;Éboulement;0;stop;;;;;;;;;;;;;;;;;;;;;;;;;;;;;;;;;;;;;;;;;;;;;;;;;;;;;
150;Mewtwo;106;110;90;154;130;220;0;0;0;3;0;Psy;;1;0;;35;ok;Ultimapoing;0;ok;Jackpot;0;ok;Poing Feu;0;ok;Poing Glace;0;ok;Poing Éclair;0;ok;Ultimawashi;0;ok;Plaquage;0;ok;Bélier;0;ok;Damoclès;0;ok;Lance-Flammes;0;ok;Pistolet à O;0;ok;Laser Glace;0;ok;Blizzard;0;ok;Rafale Psy;22;ok;Ultralaser;0;ok;Sacrifice;0;ok;Balayage;0;ok;Riposte;0;ok;Frappe Atlas;0;ok;Force;0;ok;Lance-Soleil;0;ok;Tonnerre;0;ok;Fatal-Foudre;0;ok;Séisme;0;ok;Choc Mental;1;ok;Psyko;1;ok;Frénésie;0;ok;Patience;0;ok;Destruction;0;ok;Déflagration;0;ok;Météores;1;ok;Dévorêve;0;ok;Vague Psy;0;ok;Éboulement;0;ok;Triplattaque;0;stop;;;;;;;;;;;;;;;;;;;;;;;;;;;;;;;;;;;;;;;;;;;;;;;;;;
151;Mew;100;100;100;100;100;64;3;0;0;0;0;Psy;;1;0;;53;ok;Ultimapoing;20;ok;Jackpot;0;ok;Poing Feu;0;ok;Poing Glace;0;ok;Poing Éclair;0;ok;Coupe-Vent;0;ok;Coupe;0;ok;Vol;0;ok;Étreinte;0;ok;Ultimawashi;0;ok;Plaquage;0;ok;Bélier;0;ok;Damoclès;0;ok;Dard-Nuée;0;ok;Lance-Flammes;0;ok;Pistolet à O;0;ok;Hydrocanon;0;ok;Surf;0;ok;Laser Glace;0;ok;Blizzard;0;ok;Ultralaser;0;ok;Sacrifice;0;ok;Balayage;0;ok;Riposte;0;ok;Frappe Atlas;0;ok;Force;0;ok;Méga-Sangsue;0;ok;Lance-Soleil;0;ok;Draco-Rage;0;ok;Danse Flammes;0;ok;Tonnerre;0;ok;Fatal-Foudre;0;ok;Séisme;0;ok;Abîme;0;ok;Tunnel;0;ok;Choc Mental;1;ok;Psyko;40;ok;Frénésie;0;ok;Ombre Nocturne;0;ok;Patience;0;ok;Destruction;0;ok;Déflagration;0;ok;Cascade;0;ok;Météores;0;ok;Dévorêve;0;ok;Vampirisme;0;ok;Piqué;0;ok;Vague Psy;0;ok;Explosion;0;ok;Éboulement;0;ok;Triplattaque;0;ok;Croc Fatal;0
